recipe_id,recipe_kind,output_consumable_id,output_tier,ingredient_1_code,ingredient_1_qty,ingredient_2_code,ingredient_2_qty,ingredient_3_code,ingredient_3_qty,ducat_cost,crafting_time_sec,required_level
craft_consumable_healing_potion,craft,healing_potion,base,ingredient_bloodleaf,1,ingredient_fenroot,1,reagent_binder_salts,1,250,300,1
craft_consumable_second_wind_potion,craft,second_wind_potion,base,ingredient_fenroot,1,ingredient_duskmint,1,reagent_binder_salts,1,300,600,1
craft_consumable_wardens_tonic,craft,wardens_tonic,base,ingredient_ironbloom,1,ingredient_bloodleaf,1,reagent_binder_salts,1,450,900,1
craft_consumable_hunters_tonic,craft,hunters_tonic,base,ingredient_ironbloom,1,ingredient_duskmint,1,reagent_binder_salts,1,450,900,1
craft_consumable_emberwake_tonic,craft,emberwake_tonic,base,ingredient_ironbloom,1,ingredient_emberbud,1,reagent_ward_resin,1,900,1800,15
craft_consumable_berserkers_tonic,craft,berserkers_tonic,base,ingredient_duskmint,1,ingredient_emberbud,1,reagent_ward_resin,1,1000,1800,15
craft_consumable_bulwark_tonic,craft,bulwark_tonic,base,ingredient_ironbloom,1,ingredient_kingsfoil,1,reagent_ward_resin,1,1100,2400,15
craft_consumable_wardwash_tonic,craft,wardwash_tonic,base,ingredient_duskmint,1,ingredient_kingsfoil,1,reagent_ward_resin,1,1100,2400,15
craft_consumable_travelers_elixir,craft,travelers_elixir,base,ingredient_fenroot,1,ingredient_kingsfoil,1,reagent_ward_resin,1,1300,3600,15
craft_consumable_deadeye_elixir,craft,deadeye_elixir,base,ingredient_duskmint,1,ingredient_kingsfoil,1,reagent_ward_resin,1,1400,3600,15
craft_consumable_wardens_challenge_elixir,craft,wardens_challenge_elixir,base,ingredient_ironbloom,1,ingredient_kingsfoil,1,reagent_ward_resin,1,1500,3600,15
craft_consumable_shadowveil_elixir,craft,shadowveil_elixir,base,ingredient_duskmint,1,ingredient_kingsfoil,1,reagent_ward_resin,1,1500,3600,15
craft_consumable_contractors_resolve_elixir,craft,contractors_resolve_elixir,base,ingredient_kingsfoil,1,ingredient_emberbud,1,reagent_ward_resin,1,1500,3600,15
craft_consumable_sunspike_elixir,craft,sunspike_elixir,base,ingredient_emberbud,1,ingredient_sunspike,1,reagent_aether_catalyst,1,2500,7200,30
craft_consumable_graveward_elixir,craft,graveward_elixir,base,ingredient_ironbloom,1,ingredient_gravebloom,1,reagent_black_ichor,1,2600,7200,30
craft_consumable_ravagers_tonic,craft,ravagers_tonic,base,ingredient_sunspike,1,ingredient_gravebloom,1,reagent_black_ichor,1,3000,7200,30
craft_consumable_hexcleanse_tonic,craft,hexcleanse_tonic,base,ingredient_shadecap,1,ingredient_gravebloom,1,reagent_black_ichor,1,3200,10800,30
craft_consumable_warcallers_elixir,craft,warcallers_elixir,base,ingredient_gravebloom,1,ingredient_sunspike,1,reagent_aether_catalyst,1,3600,10800,30
craft_consumable_chroniclers_elixir,craft,chroniclers_elixir,base,ingredient_shadecap,1,ingredient_sunspike,1,reagent_aether_catalyst,1,4000,14400,30
distill_consumable_healing_potion_d1,distill,healing_potion,d1,consumable_healing_potion,3,,,,,0,2700,1
distill_consumable_healing_potion_d2,distill,healing_potion,d2,consumable_healing_potion_d1,3,,,,,0,7200,1
distill_consumable_second_wind_potion_d1,distill,second_wind_potion,d1,consumable_second_wind_potion,3,,,,,0,2700,1
distill_consumable_second_wind_potion_d2,distill,second_wind_potion,d2,consumable_second_wind_potion_d1,3,,,,,0,7200,1
distill_consumable_wardens_tonic_d1,distill,wardens_tonic,d1,consumable_wardens_tonic,3,,,,,0,2700,1
distill_consumable_wardens_tonic_d2,distill,wardens_tonic,d2,consumable_wardens_tonic_d1,3,,,,,0,7200,1
distill_consumable_hunters_tonic_d1,distill,hunters_tonic,d1,consumable_hunters_tonic,3,,,,,0,2700,1
distill_consumable_hunters_tonic_d2,distill,hunters_tonic,d2,consumable_hunters_tonic_d1,3,,,,,0,7200,1
distill_consumable_emberwake_tonic_d1,distill,emberwake_tonic,d1,consumable_emberwake_tonic,3,,,,,0,3600,15
distill_consumable_emberwake_tonic_d2,distill,emberwake_tonic,d2,consumable_emberwake_tonic_d1,3,,,,,0,9000,15
distill_consumable_berserkers_tonic_d1,distill,berserkers_tonic,d1,consumable_berserkers_tonic,3,,,,,0,3600,15
distill_consumable_berserkers_tonic_d2,distill,berserkers_tonic,d2,consumable_berserkers_tonic_d1,3,,,,,0,9000,15
distill_consumable_bulwark_tonic_d1,distill,bulwark_tonic,d1,consumable_bulwark_tonic,3,,,,,0,3600,15
distill_consumable_bulwark_tonic_d2,distill,bulwark_tonic,d2,consumable_bulwark_tonic_d1,3,,,,,0,9000,15
distill_consumable_wardwash_tonic_d1,distill,wardwash_tonic,d1,consumable_wardwash_tonic,3,,,,,0,3600,15
distill_consumable_wardwash_tonic_d2,distill,wardwash_tonic,d2,consumable_wardwash_tonic_d1,3,,,,,0,9000,15
distill_consumable_hexcleanse_tonic_d1,distill,hexcleanse_tonic,d1,consumable_hexcleanse_tonic,3,,,,,0,5400,30
distill_consumable_hexcleanse_tonic_d2,distill,hexcleanse_tonic,d2,consumable_hexcleanse_tonic_d1,3,,,,,0,10800,30
distill_consumable_sunspike_elixir_d1,distill,sunspike_elixir,d1,consumable_sunspike_elixir,3,,,,,0,5400,30
distill_consumable_sunspike_elixir_d2,distill,sunspike_elixir,d2,consumable_sunspike_elixir_d1,3,,,,,0,10800,30
distill_consumable_graveward_elixir_d1,distill,graveward_elixir,d1,consumable_graveward_elixir,3,,,,,0,5400,30
distill_consumable_graveward_elixir_d2,distill,graveward_elixir,d2,consumable_graveward_elixir_d1,3,,,,,0,10800,30
distill_consumable_deadeye_elixir_d1,distill,deadeye_elixir,d1,consumable_deadeye_elixir,3,,,,,0,4500,15
distill_consumable_deadeye_elixir_d2,distill,deadeye_elixir,d2,consumable_deadeye_elixir_d1,3,,,,,0,9000,15
distill_consumable_wardens_challenge_elixir_d1,distill,wardens_challenge_elixir,d1,consumable_wardens_challenge_elixir,3,,,,,0,4500,15
distill_consumable_wardens_challenge_elixir_d2,distill,wardens_challenge_elixir,d2,consumable_wardens_challenge_elixir_d1,3,,,,,0,9000,15
distill_consumable_shadowveil_elixir_d1,distill,shadowveil_elixir,d1,consumable_shadowveil_elixir,3,,,,,0,4500,15
distill_consumable_shadowveil_elixir_d2,distill,shadowveil_elixir,d2,consumable_shadowveil_elixir_d1,3,,,,,0,9000,15
distill_consumable_travelers_elixir_d1,distill,travelers_elixir,d1,consumable_travelers_elixir,3,,,,,0,4500,15
distill_consumable_travelers_elixir_d2,distill,travelers_elixir,d2,consumable_travelers_elixir_d1,3,,,,,0,9000,15
distill_consumable_contractors_resolve_elixir_d1,distill,contractors_resolve_elixir,d1,consumable_contractors_resolve_elixir,3,,,,,0,4500,15
distill_consumable_contractors_resolve_elixir_d2,distill,contractors_resolve_elixir,d2,consumable_contractors_resolve_elixir_d1,3,,,,,0,9000,15
distill_consumable_chroniclers_elixir_d1,distill,chroniclers_elixir,d1,consumable_chroniclers_elixir,3,,,,,0,7200,30
distill_consumable_chroniclers_elixir_d2,distill,chroniclers_elixir,d2,consumable_chroniclers_elixir_d1,3,,,,,0,14400,30
distill_consumable_ravagers_tonic_d1,distill,ravagers_tonic,d1,consumable_ravagers_tonic,3,,,,,0,5400,30
distill_consumable_ravagers_tonic_d2,distill,ravagers_tonic,d2,consumable_ravagers_tonic_d1,3,,,,,0,10800,30
distill_consumable_warcallers_elixir_d1,distill,warcallers_elixir,d1,consumable_warcallers_elixir,3,,,,,0,7200,30
distill_consumable_warcallers_elixir_d2,distill,warcallers_elixir,d2,consumable_warcallers_elixir_d1,3,,,,,0,14400,30
