crest_id,crest_title,backstory,prompt_build
crest_0,Boar Bastion,"Boar Bastion belongs to a hard gate company that made its name holding timber palisades through rain, mud, and repeated charges. Their badge was chosen to look like stubborn impact rather than noble breeding. Veterans prefer symbols that read at distance and survive rough paintwork on field gear. The crest keeps that idea in a blunt boar worked over a painted shield face.","guild crest emblem; base silhouette: round shield silhouette; dominant symbol: forward-facing boar head painted directly onto the shield face; base material: oak shield with worn red and chalk-white painted bands, blackened rim studs, visible wood chips at the edge; symbol treatment: boar head painted in soot black and muted bone-grey with no raised metal relief; palette: oxblood red, chalk white, soot black, weathered brown wood, restrained bone-grey accents; craftsmanship: grounded garrison heraldry with broad readable mass and simple shield hardware; wear: paint rubbed thin on the upper left, shallow dents in the wood, scratches through the boar brow paint, dark grime around studs; no text, no scene, no hands, no banner pole, no shield bearer."
crest_1,Mireglass Ward,"Mireglass Ward was formed by ferrymen and marsh guides who pulled the living and the dead from drowned country. They say a patient eye matters more in the fen than a sharp blade, so the guild took the heron as its sign. Pieces of smoked marsh-glass are still pressed into the badge to honor routes remembered by reflection and depth rather than milestones. No member is considered senior until they can lead strangers home through fog without raising their voice.","guild crest emblem; base silhouette: round shield silhouette; dominant symbol: stern heron head in profile painted directly onto the shield face; base material: weathered wood shield with deep peat-green painted field, thin off-white ring, dark rim binding, faint plank seams under paint; symbol treatment: heron head painted in dull silver-grey and bone-white without a separate metal layer; palette: peat green, wet slate, off-white, dull silver-grey, soot-black edge wear; craftsmanship: river-guild heraldry with elongated disciplined lines and clean negative space; wear: water-softened scuffs along the rim, scratches through the painted beak edge, small paint losses near the lower field, damp grime in seams; no text, no scene, no hands, no banner pole, no shield bearer."
crest_2,Ash Oak Ledger,"Ash Oak Ledger is used by storehouse factors and reserve clerks who answer to siege math before they answer to pride. The oak was chosen because it marks what must hold through winter, damp, and bad counting. Their ledgers are tied to timber stock, ration bins, and reserve walls more than to coin. The crest keeps the tree plain and square, like a mark cut for inventory rather than ceremony.","guild crest emblem; base silhouette: classic shield silhouette; dominant symbol: leafless oak tree painted directly onto the shield face; base material: forged iron shield with charcoal-black painted field, ash-grey border line, worn edges showing dark metal beneath; symbol treatment: oak painted in pale ash-grey and bone-white with no separate steel relief; palette: charcoal black, ash grey, pale bone-white, restrained cold grey edge wear; craftsmanship: austere quartermaster heraldry with one centered natural symbol and severe shield geometry; wear: rubbed corners, shallow scoring across the field, border paint worn thin, scratches cutting through the trunk paint; no text, no scene, no hands, no banner pole, no shield bearer."
crest_3,Red Pike Brotherhood,Red Pike Brotherhood descends from breach infantry who preferred order and reach over swagger. Their badge needed to be visible on mud-splashed boards and reserve shields without losing its shape. They chose the pike because it describes the line better than any beast or crown. The crest keeps the weapon singular and severe on a hard plate.,"guild crest emblem; base silhouette: classic shield silhouette; dominant symbol: single upright pikehead painted directly onto the shield face; base material: dark wood shield with muted brick-red painted field, black border band, plain iron rim studs, exposed wood at chipped edges; symbol treatment: pikehead painted in cold off-white and dull steel-grey tones with no separate metal layer; palette: brick red, soot black, weathered brown wood, cold grey, pale ash highlights; craftsmanship: disciplined infantry heraldry with strict vertical balance and minimal decoration; wear: chipped red paint near lower edges, shallow dents in the board, fine scratches through the pikehead paint, grime around the rim studs; no text, no scene, no hands, no banner pole, no shield bearer."
crest_4,Thornwake Line,"The Thornwake Line began as a loose chain of ditch wardens who kept smugglers, beasts, and hungry militias from slipping through hedge-country borders. Their captains teach that a bad frontier is not held by speeches but by patience, bramble, and the will to stand in wet ground. Every chapter binds a length of hedge-thorn around its oath spear before taking the field. The crest preserves that old lesson by making the thorn ring tighter than the weapon it guards.","guild crest emblem; base silhouette: round shield silhouette; dominant symbol: single barbed spearhead painted directly onto the shield face; base material: painted wood shield with deep moss-green field, narrow bone-white ring, dark rim binding, visible wear at the outer edge; symbol treatment: spearhead painted in muted pale grey with soot-black contour accents and no separate metal layer; palette: moss green, bone-white, soot black, muted pale grey, weathered brown edge chips; craftsmanship: frontier heraldry with lean vertical lines and one hard military symbol; wear: scratches through the spearhead paint, rubbed ring paint along the upper arc, shallow wood dents, dirt gathered at the rim binding; no text, no scene, no hands, no banner pole, no shield bearer."
crest_5,Pikecrown Ward,Pikecrown Ward was formed to reinforce camp perimeters before dawn and keep them standing after the first rush hit. Their name comes from the ring of spear points that once marked their temporary defenses. The company keeps its insignia practical and stripped of anything a tired soldier would fail to recognize. The crest turns that habit into one plain weapon set over a hard shield face.,"guild crest emblem; base silhouette: heater shield silhouette; dominant symbol: single broad pikehead in dark iron relief centered vertically; base material: painted pine shield face with faded umber and off-white quartering, black iron rim strip, simple boss rivets; symbol material: dark iron with muted silver edge wear; palette: umber brown, off-white, soot black, cold iron grey; craftsmanship: camp-guard heraldry with blunt readable forms and practical shield construction; wear: flaked paint at the rim, shallow gouges across the wood grain, rubbed metal edges on the pikehead, dirt gathered around rivets; no text, no scene, no hands, no banner pole, no shield bearer."
crest_6,Gullhook Salvors,"Gullhook Salvors work surf-beaten jetties and broken hulls where cargo, rope, and bodies come in with the tide. Their badge is meant to read quickly on wet boards and salt-marked crates. The gull was chosen because it is always first over wreckage and never sentimental about what the sea returns. The crest keeps the bird stark and set on a plate tough enough for harbor work.","guild crest emblem; base silhouette: circle bronze medallion silhouette; dominant symbol: gull head in weathered iron profile with a sharp beak and hard eye line; base material: dark bronze disk with sea-grey painted field and worn salt-white outer ring; symbol material: dark iron with pale steel beak edge; palette: sea grey, salt white, aged bronze, soot black, cold iron; craftsmanship: harbor heraldry with compact animal silhouette and durable marine hardware feel; wear: salt pitting on the bronze edge, paint worn thin on the lower right, scratches across the gull crown, dull corrosion in small seams; no text, no scene, no hands, no banner pole, no shield bearer."
crest_7,Rainwillow Circle,"Rainwillow Circle is used by water wardens who oversee ditches, runoffs, cisterns, and orchard drains outside town walls. They chose the willow because its roots mark wet ground more honestly than any survey boast. Their sign tends to appear on sluice boxes and storage sheds where paint must hold through spray and frost. The crest keeps the tree as the only emblem and lets the base carry the civic weight around it.","guild crest emblem; base silhouette: square painted oak plaque silhouette; dominant symbol: drooping willow tree in forged pale iron relief with long downward branches; base material: oak plaque with slate-blue painted face, dark brown wood edges, thin ivory border stripe, simple black corner studs; symbol material: pale iron with soft cold highlights; palette: slate blue, weathered brown wood, pale iron, off-white border wear, soot black hardware; craftsmanship: civic utility heraldry with one centered natural symbol and restrained carpentry detail; wear: paint weathering at the bottom edge, shallow cracks in the board, rubbed branch edges, dark moisture staining around studs; no text, no scene, no hands, no banner pole, no shield bearer."
crest_8,River Spear Toll,"River Spear Toll marks a crossing syndicate that keeps order with armed ferrymen rather than polite notices. Their badge needed to be plain enough for tax boards and strong enough for shield covers carried on the boats themselves. They chose the spear because it tells travelers exactly where authority begins. The crest keeps the mark narrow, upright, and difficult to mistake.","guild crest emblem; base silhouette: hexagon iron plate silhouette; dominant symbol: single river spear with a long narrow head and short socket, set upright; base material: forged iron plate with deep river-blue enamel field, dark blackened border band, small steel rivets; symbol material: dull steel with restrained edge highlights; palette: river blue, blackened iron, cold steel, faint pale abrasion lines; craftsmanship: toll-house heraldry with strict vertical alignment and no decorative clutter; wear: enamel chips near the lower corners, water spotting on the field, light scratches along the spear ridge, grime gathered around rivets; no text, no scene, no hands, no banner pole, no shield bearer."
crest_9,Heron Trail Accord,"Heron Trail Accord belongs to marsh scouts who value stillness, footing, and clean retreat over loud victories. Their captains wanted a sign that could be daubed on pack boards and still read in fog. The heron was chosen for balance and patience, not beauty. The crest keeps the bird alone on a painted round so the silhouette survives weather and distance.","guild crest emblem; base silhouette: circle painted shield silhouette; dominant symbol: standing heron in dark iron side profile with long neck and downward beak; base material: round wood shield face painted in faded peat green with thin bone-white ring, black rim binding, visible plank seams under paint; symbol material: dark iron with dull silver beak edge and leg highlights; palette: peat green, bone-white, soot black, cold iron grey, worn brown wood at exposed chips; craftsmanship: scout heraldry with one calm animal silhouette and practical shield construction; wear: rubbed paint along the upper rim, shallow dents in the wood, scratches on the heron breast, dirt settled in plank seams; no text, no scene, no hands, no banner pole, no shield bearer."
crest_10,Ash Thorn Company,"Ash Thorn Company came out of hedge-country levies who fought best from ditches, thorn lines, and narrow cart roads. Their mark had to be cheap to paint and hard to forget. They chose the thorn branch because it matched the ground they defended better than any grand beast. The crest keeps the branch singular and severe over a dark board face.","guild crest emblem; base silhouette: square oak board silhouette; dominant symbol: thorn branch in pale steel relief with a few hard barbs and no flowers; base material: oak board with black-painted field, muted ash-grey border stripe, raw wood exposed at chipped corners; symbol material: pale steel with soft dull highlights; palette: matte black, ash grey, weathered brown wood, pale steel, soot-dark nail heads; craftsmanship: levy heraldry with one stark natural symbol and rough carpentry discipline; wear: chipped paint at edges, shallow cracks through the wood grain, rubbed thorn tips, dark grime around nails; no text, no scene, no hands, no banner pole, no shield bearer."
crest_11,Bellroot Covenant,"Bellroot Covenant tends herb plots and burial gardens where quiet work matters more than reputation. Their sign is painted on shed doors, drying racks, and medicine chests rather than on parade cloth. The bellflower was kept because it marks the trade plainly and does not need decoration to read. The crest sets the flower alone on a hard plate and lets the materials do the rest.","guild crest emblem; base silhouette: hexagon bronze plate silhouette; dominant symbol: single hanging bellflower in pale iron relief with a short visible root tail; base material: aged bronze plate with muted violet-grey enamel field, dark brown edge band, small black fastening studs; symbol material: pale iron with cool highlights on the petals and stem; palette: muted violet-grey, aged bronze, dark brown, pale iron, soot black hardware; craftsmanship: apothecary heraldry with one centered natural symbol and restrained platework; wear: rubbed petal edges, tiny enamel chips near the lower field, shallow scratches in the bronze, slight dark staining around studs; no text, no scene, no hands, no banner pole, no shield bearer."
crest_12,Grey Shield Company,"Grey Shield Company keeps its badge as plain as the men who carry it. Their captains believe a repairable shield tells the truth about soldiery better than any beast or slogan. The design is used on spare shields, barrack boards, and ration lids without alteration. The crest therefore centers the shield itself and lets wear carry the meaning.","guild crest emblem; base silhouette: heater shield silhouette; dominant symbol: plain raised iron boss centered on the shield face, treated as the core military emblem; base material: oak shield body painted in layered grey tones with a thin off-white edge line, black iron rim strap, exposed wood at chipped corners; symbol material: dark iron boss with dull steel wear marks; palette: smoke grey, off-white, blackened iron, weathered brown wood; craftsmanship: barracks heraldry with one blunt military form and functional shield construction; wear: repeated dents across the face, rubbed paint bands, scratches on the boss, dirt built up under the rim strap; no text, no scene, no hands, no banner pole, no shield bearer."
crest_13,Pikewake Brotherhood,"Pikewake Brotherhood traces its name to dawn assemblies where pike blocks formed before mist had fully lifted from the field. The brotherhood takes pride in drill, spacing, and the steady discipline required to make long weapons matter. Their sergeants say that three good pikes held level are worth more than one hero with a bright blade. The crest keeps that lesson in a severe cluster of spearheads bound for the line rather than for show.","guild crest emblem; central emblem: three upright pikeheads aligned in a tight vertical cluster with the center head slightly taller; supporting motif: a simple binding strap wrapped low beneath the blades; material: smoked iron rim, cold steel pikeheads, deep charcoal enamel field, dark leather binding; palette: cold steel, blackened iron, charcoal grey, restrained ash-white edge accents; craftsmanship: formation heraldry with rigid spacing and strict vertical order; wear: light edge nicks on the pikeheads, scuffed strap surface, shallow scratches in the field, tiny enamel chips near the lower binding; sigilwork: none, only controlled reflective edges and no glow; no text, no scene, no hands, no banner pole, no shield bearer."
crest_14,Iron Stag Watch,"Iron Stag Watch was formed from road patrols and outer watch posts that spent more time reading tracks than hearing commands. The stag was chosen not for nobility but for its habit of stopping, listening, and bolting only when the ground has already warned it. Their scouts prefer badges that read clearly in rain, mud, and low light. The crest keeps the animal plain and alert, as if it has just lifted its head at the edge of the treeline.","guild crest emblem; central emblem: stern stag head in simple profile with compact antlers and a firm neck line; supporting motif: none, keep the animal silhouette isolated and dominant; material: blackened steel border, muted iron antler edging, dark forest-grey enamel field, dull silver facial planes; palette: iron grey, soot black, muted bone antler highlights, cold slate accents; craftsmanship: patrol heraldry with clean animal silhouette and restrained contour work; wear: rubbed antler tips, shallow scratches across the cheek plane, minor enamel chips along the lower neck edge, softened rim scuffs; sigilwork: a barely visible cold line trapped inside one antler groove only, no spill; no text, no scene, no hands, no banner pole, no shield bearer."
crest_15,Red Sabre House,"Red Sabre House uses a badge meant to be recognized fast by clients and feared quickly by everyone else. Their guards wanted no second symbol around it to soften the message. The blade itself carries the house reputation, from escort duty to arrests handled in close streets. The crest leaves the sabre alone on a painted shield face and lets the red ground do the rest.","guild crest emblem; base silhouette: heater shield silhouette; dominant symbol: single curved sabre in dark steel laid on a slight diagonal across the center; base material: wooden shield face with deep red painted field, narrow black border band, simple iron rivets along the rim, exposed wood at worn edges; symbol material: dark steel with restrained pale edge highlights, black leather grip wrap; palette: deep red, soot black, cold steel, weathered brown wood; craftsmanship: hired-guard heraldry with one direct military symbol and practical shield build; wear: paint rubbed thin at the lower right, shallow cuts in the wood, sharpening scratches along the sabre, small dents near the rim; no text, no scene, no hands, no banner pole, no shield bearer."
crest_16,Black Boar Line,"Black Boar Line earned its name from assaults that hit fast, low, and ugly against ground most formations would rather avoid. The company favors hard compact symbols over decorative heraldry, because their captains believe a badge should look like the work it represents. Boar heads are painted on field boards, ration carts, and reserve shields with the same blunt silhouette. The crest keeps that shape broad and heavy, like something built to push through mud and impact alike.","guild crest emblem; central emblem: compact boar head facing forward with heavy brow, blunt snout, and short tusk curve; supporting motif: none, animal head only with a dense centered silhouette; material: blackened steel border, dark iron facial planes, muted mud-brown enamel underfield, pale tusk-white edge accents; palette: iron black, dirty umber, dull ivory tusks, cold grey highlights; craftsmanship: assault-company heraldry with thick readable mass and minimal internal flourish; wear: rubbed tusk tips, shallow scoring across the brow, rim dents, small enamel chips near the lower jaw edge; sigilwork: none, no glow, no decorative channels; no text, no scene, no hands, no banner pole, no shield bearer."
crest_17,Gate Ward,"Gate Ward belongs to men assigned to doors, ramps, and lock stations where patience matters as much as strength. Their badge is meant to look like part of a gate mechanism rather than a decorative crest. That choice suits troops who spend more time near hinges and braces than out in open field. The crest keeps the mark square and architectural, with a single shield face treated as the military sign.","guild crest emblem; base silhouette: square steel plate silhouette; dominant symbol: square shield face in raised dark iron relief with a narrow vertical slit cut through it; base material: forged steel plate with muted slate field, black border band, small iron fastening studs at the corners; symbol material: dark iron with cold grey edge wear; palette: slate grey, blackened iron, cold steel, restrained pale abrasion marks; craftsmanship: gatehouse heraldry with one hard military form and strict planar geometry; wear: dents near the upper corners, rubbed slit edges, shallow scratches across the plate, small chips in the slate finish; no text, no scene, no hands, no banner pole, no shield bearer."
crest_18,Wolf Pennon Company,"Wolf Pennon Company grew from fast scouts and pursuit fighters who worked the flanks of heavier formations without ever quite belonging to them. Their mark favors the head alone, because the company wanted a sign that suggested attention, hunger, and motion without turning theatrical. Quartermasters stitched the wolf badge on pack covers and cloak tabs long before any formal charter was granted. The crest keeps the profile lean and watchful, like an animal seen just before it disappears into scrub or dusk.","guild crest emblem; central emblem: wolf head in profile with a narrow muzzle, alert ear, and low-set eye line; supporting motif: a simple roundel field directly behind the head to reinforce the silhouette; material: dark iron border, weathered steel facial edging, muted blue-grey enamel roundel, black enamel field; palette: cold grey, dusk blue, soot black, restrained bone-white fang edge; craftsmanship: scout-company heraldry with lean animal lines and compact readable layering; wear: rubbed muzzle edge, light scratches across the roundel, softened ear tip, minor enamel chips near the lower jaw; sigilwork: one very faint pale line contained inside the eye groove only, no spill; no text, no scene, no hands, no banner pole, no shield bearer."
crest_19,Macehold Brotherhood,"Macehold Brotherhood traces its origin to barrack guards and gate troops expected to fight at arm's length where swings were short and armor mattered. They chose the mace because it speaks plainly about the kind of work done in cramped spaces with little room for flourish. The brotherhood keeps its badge severe and mechanical, with no animal or noble pretense around it. The crest presents the weapon head as a blunt fact, not an ornament.","guild crest emblem; central emblem: single flanged mace head with a short visible haft base directly beneath it; supporting motif: none, keep the weapon head centered and dominant; material: blackened steel border, dark iron flanges, muted grey enamel field, worn oak haft collar; palette: cold steel, charcoal grey, soot black, restrained pale edge highlights; craftsmanship: close-guard heraldry with compact mass and exact radial balance in the flanges; wear: impact bruising on the flange corners, shallow scratches across the head, rubbed haft collar, small enamel losses near the lower centerline; sigilwork: none, no glow, no decorative magic; no text, no scene, no hands, no banner pole, no shield bearer."
crest_20,White Ram Bastion,"White Ram Bastion is a heavy gate-defense company whose men are expected to stand where a breach starts and keep standing after everyone else begins to fold. The ram was chosen for stubborn impact rather than courtly virtue, and the white comes from lime wash rubbed into the relief before every major muster. Their crest is built around the idea of force contained by discipline, not force let loose. The broad shield rim remains visible around the head to show that endurance matters as much as the charge.","guild crest emblem; central emblem: ram head facing forward with thick curled horn bases and a compact blunt muzzle; supporting motif: broad shield rim framing the head closely without extra ornaments; material: dark iron shield border, pale bone-white horn plates, smoke-grey steel facial planes, muted black enamel field; palette: bone white, cold steel, charcoal black, restrained ash-grey rim wear; craftsmanship: gate-defense heraldry with dense centered mass and disciplined symmetry; wear: horn tip scuffs, shallow dents across the rim, scratches on the muzzle plate, tiny enamel chips near the lower horn curve; sigilwork: a very faint pale line held inside one horn groove only, no spill; no text, no scene, no hands, no banner pole, no shield bearer."
