family_id,sequence,monster_role,is_boss,monster_name,main_stat,damage_kind,health_bias,damage_bias,armor_bias,spell_shield_bias,missile_resist_bias,initiative_bias,accuracy_bias,crit_bias,evasion_bias,flavor_text,prompt_monster_fullbody,boss_kind,background_prompt_override
snagtooth_hollow_00,1,skirmisher,FALSE,Cave Nipper,dexterity,melee,low,low,low,low,low,high,medium,low,medium,"Darts at ankles, packs, and loose straps before a proper fighter can turn.","Full-body low-tier goblin enemy, small green goblin with long ears, narrow shoulders, and quick dirty hands, tattered rag tunic, short scavenged knife, low crouched posture ready to dart sideways, weak early-game monster with sly nervous body language, same Snagtooth Hollow cave zone with a narrow tunnel mouth and damp stone behind it, grounded medieval fantasy.",,
snagtooth_hollow_00,2,ambusher,FALSE,Scrap Sneak,dexterity,melee,low,low,low,low,low,medium,medium,low,high,Lives by taking what hangs loose and fleeing before the shout finishes.,"Full-body low-tier goblin scavenger, small green goblin with patched hood, stolen sack slung over one shoulder, bent scrap hook in one hand, half-turned sneaking pose beside a pile of broken crates, weak early-game monster that looks thieving rather than combative, same Snagtooth Hollow cave zone with crate piles and torch smoke in the composition, grounded medieval fantasy.",,
snagtooth_hollow_00,3,harrier,FALSE,Torch Lurker,strength,melee,medium,low,low,low,low,low,low,low,low,Lingers where the resin burns and rushes anything already blinking in the smoke. Firelight has taught it more malice than skill.,"Full-body low-tier goblin torch-bearer, small green goblin with singed rag wraps and a crude resin torch in one hand, short stick club in the other, hunched forward posture with the torch held low instead of raised, weak early-game monster, same Snagtooth Hollow cave zone with a crooked torch stake, weak local firelight, and smoke-stained rock behind it, grounded medieval fantasy.",,
snagtooth_hollow_00,4,bruiser,FALSE,Muck Knocker,strength,melee,medium,medium,low,low,low,low,medium,low,low,Swings stone and wood with both hands because subtlety was never on offer.,"Full-body low-tier goblin bruiser, squat green goblin with muddy knees, crude rope belt, chipped stone mallet held in both hands, planted clumsy stance over a wet patch of cave mud, weak but sturdier early-game monster, same Snagtooth Hollow cave zone with bedroll nests and shallow muddy ground in the composition, grounded medieval fantasy.",,
snagtooth_hollow_00,5,mender,FALSE,Mushroom Mender,intelligence,spell,low,low,low,medium,low,low,medium,low,low,"Packs torn flesh with bitter mash and cave fungus, keeping stronger goblins on their feet a little longer. Smarts like that pass for wisdom here.","Full-body low-tier goblin mender, small green goblin with wary eyes, mushroom bundles and herb strings hanging from a crude sash, one hand holding a stitched pouch of cave fungi and the other a bone needle or herb pestle, low kneeling posture beside a fungus basket, weak early-game support monster with healer and mender identity rather than overt battle magic, same Snagtooth Hollow cave zone with fungus baskets and crude medicine scraps in the composition, grounded medieval fantasy.",,
snagtooth_hollow_00,6,runner,FALSE,Bonepicker,dexterity,melee,low,low,low,low,low,high,low,low,medium,Turns refuse into tools and tools into trouble.,"Full-body low-tier goblin scavenger, small green goblin with bone charms, sharp little teeth, and a bundle of scavenged bones tied to its back, posed in a quick forward lean while clutching a bone spike and sling stones, weak early-game monster with twitchy birdlike motion, same Snagtooth Hollow cave zone with bone scraps and sharpened stakes near a bedroll nest, grounded medieval fantasy.",,
snagtooth_hollow_00,7,ranged,FALSE,Sling Scab,dexterity,ranged,low,low,low,low,low,medium,high,low,medium,Keeps a pouch of sharp stones and worse patience.,"Full-body low-tier goblin ranged pest, small green goblin with scabbed knuckles, patched rag hood, crude sling wound around one hand, pouch of jagged cave stones at the belt, tense side-on throwing stance with one foot braced on loose rubble, weak early-game monster that looks mean and evasive rather than brave, same Snagtooth Hollow cave zone with broken crate splinters and a narrow stone lane behind it, grounded medieval fantasy.",,
snagtooth_hollow_00,8,ambusher,FALSE,Tallow Snarer,dexterity,melee,low,low,low,low,low,medium,medium,low,medium,Smears old tallow on cord and hook so a grip turns foul and slick.,"Full-body low-tier goblin trapper, small green goblin with greasy rope coils over one shoulder, hooked snare pole in one hand, stained tallow pot hanging from a belt cord, low stalking posture beside sharpened stakes and a crude tripline, weak early-game monster with trap-setting identity rather than front-line courage, same Snagtooth Hollow cave zone with bedroll edges, stake clusters, and damp stone in the composition, grounded medieval fantasy.",,
snagtooth_hollow_00,9,tank,FALSE,Crate Buckler,strength,melee,medium,low,medium,low,low,low,medium,low,low,"Hides behind stolen boards and splintered lids, trusting nailed wood more than goblin promises. That trust is not entirely misplaced.","Full-body low-tier goblin shield brute, squat green goblin with rope-tied crate lid strapped to one arm, crude cudgel in the other hand, filthy leather scraps and bent nails lashed over a rag vest, braced defensive stance in front of a broken supply crate, weak early-game monster that looks stubborn and hard to budge rather than elite, same Snagtooth Hollow cave zone with crate piles, sacks, and muddy stone underfoot, grounded medieval fantasy.",,
snagtooth_hollow_00,10,caster,FALSE,Stinkpot Scrounger,intelligence,spell,low,low,low,medium,low,low,medium,low,low,"Throws rot, ash, and spoiled mash with the pride of a craftsman. In a place this poor, even filth becomes a weapon worth hoarding.","Full-body low-tier goblin foul-jar thrower, small green goblin with bulging stink jars and rotten fungus bundles tied to a crude harness, one hand cocked back with a clay pot ready to throw, the other pinching a rag over its own nose, hunched side pose near a heap of spoiled scraps, weak early-game utility caster with dirty alchemical identity instead of flashy magic, same Snagtooth Hollow cave zone with fungus baskets, ash smears, and refuse piles in the composition, grounded medieval fantasy.",,
snagtooth_hollow_00,11,skirmisher,FALSE,Gnawgut Rat,dexterity,melee,low,low,low,low,low,high,low,low,high,It bites with the confidence of a thing that has never eaten well enough.,"Full-body giant cave rat enemy, mangy oversized rat with slick grey-brown fur, naked scarred tail, yellow teeth, and narrow hungry eyes, low scrambling posture over bone scraps and torn sacks, weak early-game vermin monster built for quick dirty lunges, same Snagtooth Hollow cave zone with scattered bones, rag scraps, and damp stone in the composition, grounded medieval fantasy.",,
snagtooth_hollow_00,12,harrier,FALSE,Sootwing Bat,dexterity,melee,low,low,low,low,low,high,low,low,high,Drops out of the smoke-dark ceiling whenever torchlight blinds better prey. Even a weak bite feels worse when it falls from above.,"Full-body giant cave bat enemy, oversized bat with soot-dark wings, thin grey body, hooked feet, and wide torn ears, shown in a low descending sweep from under the cave ceiling with wings spread broad, weak early-game flying pest with fast harrying posture, same Snagtooth Hollow cave zone with torch smoke, ceiling cracks, and a dim stone drop behind it, grounded medieval fantasy.",,
snagtooth_hollow_00,13,tank,FALSE,Slimeshell Snail,strength,melee,high,low,high,low,medium,low,low,low,low,Drags a wet fortress across the stone and trusts time to do the rest.,"Full-body giant cave snail enemy, large damp snail with mottled stone-brown shell, thick grey body, feelers extended, and strings of cave slime trailing behind, slow heavy posture pushing over muddy stone and fungus rot, weak early-game beast that looks stubborn and foul rather than monstrous, same Snagtooth Hollow cave zone with slime trails, mushroom baskets, and damp rock in the composition, grounded medieval fantasy.",,
snagtooth_hollow_00,14,ambusher,FALSE,Bellmire Leeches,dexterity,melee,medium,low,low,low,low,medium,low,low,high,"They move like one wet thought, all mouths and blind hunger. By the time you feel them, some are already under the clothes.","Full-body cave leech swarm enemy, small pile of slick dark red-brown leeches with pale undersides, several bodies coiled and spilling over damp stone, multiple lamprey-like mouths visible, slime sheen and cave grit stuck across the mass, low striking posture near fungus rot and shallow muddy runoff, weak early-game parasite monster cluster that looks revolting and fast rather than powerful, same Snagtooth Hollow cave zone with damp rock, slime streaks, and dim torch smoke in the composition, grounded medieval fantasy.",,
snagtooth_hollow_00,15,boss,TRUE,Snagtooth Boss,strength,melee,high,medium,medium,low,low,low,medium,low,low,"Keeps the hollow by being the first to bite and the last to yield. Among goblins, that passes for rule.","Full-body early-game goblin boss, slightly larger green goblin with broad ugly grin, one broken snag tooth visible, stolen shoulder scrap over a filthy leather vest, crude club and chipped blade at the belt, dominant but still low-tier stance with one foot on a sack pile, clearly the leader of weak cave goblins rather than an elite warrior, same Snagtooth Hollow cave zone with rag nests and a torch-lit stake behind him, grounded medieval fantasy.",solo,
snagtooth_hollow_00,16,boss,TRUE,The Hollow Maw,strength,melee,high,medium,high,low,medium,low,medium,low,low,"Lies under the camp like a second mouth for the cave itself. What the goblins rule by threat, this thing rules by appetite.","Large pit-feeder group boss, blind pale cave beast with an enormous ringed maw wide enough to swallow a goblin whole, body mass spread broad and low across most of a muddy feeding pit, thicker and longer than a cart but not colossal, only the front and mid body fully visible while the rear bulk disappears into the pit gloom, short rooting forelimbs braced in muck, back crusted with goblin refuse, bones, fungus rot, and slime, composition must be off-center rather than centered, the beast should occupy most of the image space and crowd the frame, with part of its bulk pressing toward or cropped by one side of the image, the creature should read immediately larger than every crate, stake rack, and goblin-made structure around it, disturbing grounded medieval fantasy setpiece, camera pulled back enough to show chamber scale but still dominated by the beast, no heroic framing.",group,"Grounded medieval fantasy goblin feeding pit beneath Snagtooth Hollow, unique boss scene background for a large den-beast, broader and deeper chamber than the normal family cave, muddy bowl-shaped floor with a shallow central pit mostly occupied by the creature, refuse slopes, bone heaps, broken crates, fungus racks, slime runoff channels, goblin stakes and crude feeding platforms around the rim, resin torches set farther apart to show more space, include strong scale anchors such as crate piles, stake fences, fungus racks, and a crude goblin walkway that all look clearly small beside the beast, stage the chamber so the monster is not centered and instead sprawls across one side and the middle of the scene, leaving the remaining space to sell pit depth and small environmental scale cues, smoke-stained stone walls and low ceiling still present but the room must read wider than the normal goblin den, emphasize that the monster dominates the pit horizontally without feeling mountain-sized, no crowd, no heroic framing."
mirepool_boglings_04,1,skirmisher,FALSE,Reed Skipper,dexterity,melee,low,low,low,low,low,high,medium,low,medium,Skips across mud shelves and shallow channels before heavier feet find a place to land. The mire taught it to trust slick ground.,"Full-body low-tier bogling enemy, short squat bogling with dark green damp skin, broad head, wide mouth, bead-like pale eyes, reed wraps, small driftwood knife, shown mid-hop across a muddy water channel, weak early-game marsh monster, same Mirepool Grotto zone with dark green water and reed clumps in the composition, grounded medieval fantasy with only slight pale blue puddle reflections.",,
mirepool_boglings_04,2,harrier,FALSE,Mire Dart,dexterity,melee,low,medium,low,low,low,medium,medium,low,medium,Jabs and vanishes before the mud settles. Mean little hands work faster than its thoughts ever do.,"Full-body low-tier bogling raider, small dark green bogling with algae-slick skin, narrow shoulders, bone dart clutched in one hand, half-crouched side pose on a muddy bank, weak early-game monster with quick swamp-scavenger posture, same Mirepool Grotto zone with driftwood stakes and puddled mud in the composition, grounded medieval fantasy with restrained pale blue damp membrane accents.",,
mirepool_boglings_04,3,runner,FALSE,Glowgill Sneak,dexterity,melee,low,low,low,low,low,high,low,low,high,"Slips through reed shade and black water with only the faint blue flicker of its throat to betray it. Even then, the mire sees it first.","Full-body low-tier bogling ambusher, small dark green bogling with slight pale blue glow in damp throat membranes and along the gill-like neck folds, crouched low beneath a root arch, weak early-game marsh monster, same Mirepool Grotto zone with root tangles and shallow blue-tinted puddle reflections in the composition, grounded medieval fantasy.",,
mirepool_boglings_04,4,bruiser,FALSE,Mud Clacker,strength,melee,medium,medium,low,low,low,low,medium,low,low,"Clacks shell and bone together before charging, as though noise might do the work of courage. Weight carries what wit cannot.","Full-body low-tier bogling bruiser, squat broad dark green bogling with muddy belly, crude shell-and-bone club in both hands, planted clumsy stance on a wet mud shelf, weak but sturdier early-game marsh monster, same Mirepool Grotto zone with fungus baskets and churned mire in the composition, grounded medieval fantasy with tiny pale blue fungus flecks only.",,
mirepool_boglings_04,5,caster,FALSE,Bonebog Shaman,intelligence,spell,low,low,low,medium,low,low,medium,low,low,"Murmurs through reed bones and marsh charms until the mire itself seems to answer. Among boglings, that passes for priestcraft.","Full-body low-tier bogling shaman, small dark green bogling with damp skin, bead-like pale eyes, bone charms and tiny reed totems hanging from a crude sash, one hand holding a bone wand or marsh fetish, the other raised near a shallow puddle, low hunched ritual posture rather than a healer pose, weak early-game support caster with primitive shaman identity, same Mirepool Grotto zone with bone scraps, fungus growths, and faint pale blue puddle reflections in the composition, grounded medieval fantasy.",,
mirepool_boglings_04,6,ambusher,FALSE,Nettletoad,strength,melee,medium,low,medium,low,low,low,low,low,low,Waits half-buried until something worth biting comes close. Patience makes it look wiser than it is.,"Full-body low-tier marsh toad beast, ugly toad-like creature with dark green slick skin, squat body, wide mouth, and small pale blue spots along the back, front limbs braced in a low sideways lunge from wet reeds, weak early-game marsh animal that looks stubborn rather than deadly, same Mirepool Grotto zone with reed mats and shallow water in the composition, grounded medieval fantasy.",,
mirepool_boglings_04,7,mender,FALSE,Rotmoss Dauber,intelligence,spell,low,low,low,medium,low,low,medium,low,low,"Smears wounds shut with peat mash, moss paste, and whatever else the marsh has left half-alive. Others call it medicine because it sometimes works.","Full-body low-tier bogling mender, small dark green bogling with sagging reed satchel, mud-smeared moss bundles, bone needle, and strips of marsh cloth, crouched in a low kneeling posture while packing a handful of rotmoss against a root, weak early-game support monster with filthy healer identity rather than overt battle magic, same Mirepool Grotto zone with fungus baskets, peat clumps, and pale blue puddle reflections in the composition, grounded medieval fantasy.",,
mirepool_boglings_04,8,ranged,FALSE,Fen Needlefly,dexterity,ranged,low,low,low,low,low,high,high,low,medium,"Hovers just long enough to find soft skin, then leaves the sting behind like a spiteful signature.","Full-body giant marsh needlefly enemy, oversized thin-bodied insect with long stabbing proboscis, narrow abdomen, translucent damp wings, and long rear legs hanging beneath it, shown in a low hovering posture above a black-green puddle, weak early-game flying pest with a clean needle-like silhouette, same Mirepool Grotto zone with reeds, puddle glare, and root shadows in the composition, grounded medieval fantasy.",,
mirepool_boglings_04,9,harrier,FALSE,Bluefen Midge Swarm,dexterity,melee,low,low,low,low,low,high,low,low,high,"Comes as a flicker over the water, then a haze around the face, then a dozen bites before the hand can swat once.","Full-body marsh insect swarm enemy, loose cloud of biting bluefen midges with faint pale blue glints along wet wings, the swarm twisting in an uneven ribbon above churned mud and reeds, weak early-game flying pest cluster that should read as an airborne nuisance rather than a single creature, same Mirepool Grotto zone with shallow water haze and reed-shadowed puddles in the composition, grounded medieval fantasy.",,
mirepool_boglings_04,10,ambusher,FALSE,Siltcoil Lamprey,dexterity,melee,medium,low,low,low,low,medium,low,low,high,Leaves the water only when the bite is already certain. Mud hides the rest until panic does the lifting for it.,"Full-body marsh lamprey enemy, long slick eel-like parasite with ringed mouth, mud-dark hide, pale underside, and a coiled front half rising from a shallow channel while the rear body disappears into black water, weak early-game ambush vermin with a long low silhouette, same Mirepool Grotto zone with narrow water channels, silt banks, and root tangles in the composition, grounded medieval fantasy.",,
mirepool_boglings_04,11,runner,FALSE,Reedscale Skink,dexterity,melee,low,low,low,low,low,high,medium,low,medium,Runs in short panicked bursts and bites in the instant between them. The tail goes one way just before the teeth go another.,"Full-body marsh skink enemy, lean low lizard with slick reed-green scales, long tail, narrow jaw, and small clawed feet, shown in a fast side-step posture over a wet root with the body bent into a quick turn, weak early-game marsh runner that looks quick and evasive rather than dangerous, same Mirepool Grotto zone with root arches, wet mud, and pale blue puddle gleam in the composition, grounded medieval fantasy.",,
mirepool_boglings_04,12,tank,FALSE,Mireshell Terrapin,strength,melee,high,low,high,low,medium,low,low,low,low,Carries the marsh on its back and meets trouble by refusing to move at all. That makes it wiser than most things here.,"Full-body giant marsh terrapin enemy, broad low turtle-like beast with heavy mud-caked shell, thick neck, algae streaks, and blunt clawed forefeet, planted in a stubborn forward brace with the shell angled toward the viewer, weak early-game tank beast that looks slow and hard to shift rather than monstrous, same Mirepool Grotto zone with shell husks, mud shelves, and shallow water in the composition, grounded medieval fantasy.",,
mirepool_boglings_04,13,bruiser,FALSE,Puddleclaw Crab,strength,melee,medium,medium,medium,low,low,low,medium,low,low,Raises one claw as warning and the other as proof that the warning was sincere.,"Full-body marsh crab enemy, oversized mud crab with broad dark shell, one heavy claw raised higher than the other, wet reed scraps clinging to the legs, and a low sideways stance on a slick mud shelf, weak early-game marsh bruiser with a wide lateral silhouette, same Mirepool Grotto zone with puddled mud, driftwood fragments, and fungus baskets in the composition, grounded medieval fantasy.",,
mirepool_boglings_04,14,skirmisher,FALSE,Fenstrider Skater,dexterity,melee,low,low,low,low,low,high,medium,low,high,"Touches the water so lightly it seems to change its mind between every step. By the time you swing, it is already somewhere thinner.","Full-body giant water strider enemy, long narrow marsh insect with stilt-like legs spread wide across a reflective puddle, slim body, hooked forelegs, and slight pale blue sheen on the wet limbs, shown in a tense forward skating posture, weak early-game marsh skirmisher with a striking radial leg silhouette, same Mirepool Grotto zone with black-green water, reed reflections, and thin mud shelves in the composition, grounded medieval fantasy.",,
mirepool_boglings_04,15,boss,TRUE,The Mire Croaker,strength,melee,high,medium,medium,low,low,low,medium,low,low,"Carries a croak that turns squabbling into obedience. Around Mirepool Grotto, that is near enough to law.","Full-body early-game bogling boss, slightly larger dark green bogling with swollen throat sac, crude reed mantle, shell scraps tied over one shoulder, hooked driftwood club in one hand, dominant low-tier stance atop a muddy root mound, clearly the leader of weak mire creatures rather than an elite monster, same Mirepool Grotto zone with dark green puddles and pale blue reflective accents behind him, grounded medieval fantasy.",solo,
mirepool_boglings_04,16,boss,TRUE,The Sump Broodmother,intelligence,spell,high,medium,medium,medium,low,low,medium,low,low,"Sits over eggs, rot, and black water like the mire finally learned to hatch its own patience. Even the boglings keep respectful distance from that much hunger.","Large marsh brood-beast group boss, colossal-for-this-zone mire insect matriarch with a massively swollen egg-laden abdomen and thorax, the abdomen alone as large as a small cart, long spindly legs planted across multiple puddles and reed rafts, narrow head with hooked mouthparts kept small relative to the body, damp translucent wing stubs folded uselessly along the back, camera pulled back enough to show the front half and leg span while the creature still dominates most of the frame, body posed off-center while hunched over a nest raft of eggs and roots, foreground shell piles, driftwood stakes, and fungus baskets must read tiny beneath it, the monster should feel overwhelmingly larger than every normal Mirepool creature, disturbing low-tier marsh setpiece with severe scale contrast and no heroic framing.",group,"Grounded medieval fantasy flooded brood chamber beneath Mirepool Grotto, unique boss scene background for a marsh insect matriarch, this chamber must read much broader and deeper than the normal Mirepool nest, with black-green standing water, reed nest rafts, root arches, hanging egg clutches, broken driftwood stakes, shell piles, fungus racks, and mud shelves broken by shallow channels, include strong repeated scale anchors such as full fungus baskets, stake bundles, shell heaps, and a narrow bogling walkway or reed platform that all look tiny beside the beast, stage the monster so the abdomen and leg span occupy most of one half of the scene and visibly bridge multiple puddles or mud shelves while the remaining space shows flooded nest depth, the beast should feel too large to belong among the rest of the Mirepool creatures but still grounded rather than mountain-sized, dim overcast marsh light filtering in with small pale blue reflections on wet surfaces, no crowd, no heroic framing."
ternfield_hobgoblins_08,1,skirmisher,FALSE,Palisade Whelp,dexterity,melee,low,low,low,low,low,high,medium,low,medium,"Runs the fence line like it owns the field and bites only where the wood already narrows the choice.","Full-body low-tier hobgoblin skirmisher, short bulky hobgoblin with pig-like face, muddy pink skin, small irritated muddy amber eyes, rough leather scraps, short spear and splintered buckler slat, quick low forward posture beside a broken fence gap, ugly invasive camp-raider rather than an orc, same Ternfields zone with bright grass, white tents, and split-rail fencing in the composition, grounded medieval fantasy.",,
ternfield_hobgoblins_08,2,bruiser,FALSE,Fence Cutter,strength,melee,medium,medium,low,low,low,low,medium,low,low,"Carries a wood axe because all good land begins as something worth chopping into pieces.","Full-body low-tier hobgoblin bruiser, squat broad hobgoblin with pig-like face, muddy pink skin, small irritated muddy amber eyes, crude leather harness, heavy wood axe gripped in both hands, planted ugly stance over trampled grass near a split-rail fence post, nasty low-tier camp brute rather than an elite warrior, same Ternfields zone with sunlit green pasture and broken fencing in the composition, grounded medieval fantasy.",,
ternfield_hobgoblins_08,3,ambusher,FALSE,Camp Hook,dexterity,melee,low,low,low,low,low,medium,medium,low,high,"Waits in the blind corner where rope, wheel, and tentcloth do half the trapping for it.","Full-body low-tier hobgoblin ambusher, compact ugly hobgoblin with pig-like face, muddy pink skin, small irritated muddy amber eyes, patched hood scrap, bent iron hook in one hand and rope loop in the other, half-turned sneaking posture beside tent ropes and a wagon wheel, weak early-game trapper with ugly practical malice, same Ternfields zone with bright grass and white canvas tents in the composition, grounded medieval fantasy.",,
ternfield_hobgoblins_08,4,runner,FALSE,Sunpatch Sneer,dexterity,melee,low,low,low,low,low,high,low,low,medium,"The ugly little grin arrives just before the knife and is gone before the answer comes back.","Full-body low-tier hobgoblin runner, leaner hobgoblin with pig-like face, muddy pink skin, small irritated muddy amber eyes, ragged sun-faded scarf, short knife held low, quick sideways sprint posture across a bright patch of trampled grass, ugly invasive raider with fast low-center movement, same Ternfields zone with wagon ruts and yellow wildflowers in the composition, grounded medieval fantasy.",,
ternfield_hobgoblins_08,5,ranged,FALSE,Banner Gnawer,dexterity,ranged,low,low,low,low,low,medium,high,low,medium,"Throws from behind stolen cloth and chews the edge while waiting to do it again.","Full-body low-tier hobgoblin ranged raider, short bulky hobgoblin with pig-like face, muddy pink skin, small irritated muddy amber eyes, rag-wrapped shoulders, pouch of stones and crude javelin or sling in hand, tense side-on throwing posture near a torn camp banner tied to a pole, ugly field pest rather than a proud marksman, same Ternfields zone with fence lines and bright daylight in the composition, grounded medieval fantasy.",,
ternfield_hobgoblins_08,6,caster,FALSE,Greasepot Cook,intelligence,spell,low,low,low,medium,low,low,medium,low,low,"Keeps the pot boiling, the fat smoking, and the camp convinced that burned broth counts as a blessing.","Full-body low-tier hobgoblin camp cook caster, squat ugly hobgoblin with pig-like face, muddy pink skin, small irritated muddy amber eyes, filthy apron over rough leather, soot-black cookpot lid in one hand and greasy ladle or bone spoon in the other, hunched posture beside a smoking cookfire and hanging kettle, weak early-game support caster with smoke, grease, and boiling broth identity rather than scholarly magic, same Ternfields zone with white tents, crate stacks, and sunny grass in the composition, grounded medieval fantasy.",,
ternfield_hobgoblins_08,7,mender,FALSE,Bonebanner Shaman,intelligence,spell,low,low,low,medium,low,low,medium,low,low,"Looks almost thoughtful until the charm-rattle starts. Then it sounds like the camp itself trying to remember an older uglier god.","Full-body low-tier hobgoblin shaman, only relatively smart-looking hobgoblin with pig-like face, muddy pink skin, small irritated muddy amber eyes, bone charms, rag banner strips, crooked totem staff, and layered hide wraps, upright wary posture beside a planted bone-banner and trampled prayer stakes, weak early-game ritual support enemy with primitive shaman identity, same Ternfields zone with bright pasture, tent ropes, and shallow ditch edges in the composition, grounded medieval fantasy.",,
ternfield_hobgoblins_08,8,tank,FALSE,Crateback Bully,strength,melee,medium,low,medium,low,low,low,medium,low,low,"Trusts nailed planks, bent iron, and its own thickness more than any order shouted across camp.","Full-body low-tier hobgoblin tank, broad ugly hobgoblin with pig-like face, muddy pink skin, small irritated muddy amber eyes, crude crate-plank shield strapped over one arm, heavy cudgel in the other, braced defensive stance in front of feed sacks and crate piles, stubborn camp brute rather than a disciplined soldier, same Ternfields zone with carts and green field edges in the composition, grounded medieval fantasy.",,
ternfield_hobgoblins_08,9,bruiser,FALSE,Trough Boar,strength,melee,medium,medium,low,low,low,low,low,low,low,"Fed on scraps, kicked into temper, and left mean enough to charge anything that moves near the pen.","Full-body low-tier camp boar enemy, ugly broad-shouldered boar with mud-caked hide, scarred snout, short vicious tusks, and rope marks around the neck, low charging posture beside a broken feeding trough and trampled grass, early-game beast bruiser that looks nasty and domestically abused rather than monstrous, same Ternfields zone with pen rails, feed sacks, and sunny open pasture in the composition, grounded medieval fantasy.",,
ternfield_hobgoblins_08,10,harrier,FALSE,Grainrat Swarm,dexterity,melee,low,low,low,low,low,high,low,low,high,"Spills out of split sacks and wagon shadows in numbers too petty to respect and too many to ignore.","Full-body grain-rat swarm enemy, knot of small field rats with dirty straw-brown fur, sharp little teeth, and twitching bodies spilling over torn grain sacks, weak early-game vermin cluster built for fast nuisance pressure, same Ternfields zone with wagon ruts, feed sacks, and bright grass under daylight in the composition, grounded medieval fantasy.",,
ternfield_hobgoblins_08,11,harrier,FALSE,Crowpicker,dexterity,melee,low,medium,low,low,low,high,low,low,high,"Learns the camp bell, the cooking hour, and the look of a body about to stop fighting back.","Full-body ugly carrion bird enemy, oversized black-brown field crow with ragged feathers, long stabbing beak, and raw pink leg joints, shown in a low descending hop-swoop near a feed cart, weak early-game flying harrier that looks mean and scavenger-hungry rather than noble, same Ternfields zone with tent lines, cart frames, and bright open sky in the composition, grounded medieval fantasy.",,
ternfield_hobgoblins_08,12,tank,FALSE,Mudwall Ram,strength,melee,high,low,medium,low,low,low,low,low,low,"Hits like a gate on bad hinges and stops only when the post does.","Full-body heavy camp ram enemy, thick-necked ram with dirty cream wool, mud-caked shoulders, blunt battered horns, and a broad chest harness of rough rope, head-lowered bracing posture beside a rough pen gate and churned earth, weak early-game tank beast that looks stubborn and impact-driven rather than supernatural, same Ternfields zone with fence posts, trampled grass, and hay bales in the composition, grounded medieval fantasy.",,
ternfield_hobgoblins_08,13,ranged,FALSE,Cartpole Lurker,dexterity,ranged,low,low,low,low,low,medium,high,low,medium,"Prefers height only because it makes the throw easier and the climb down somebody else's problem.","Full-body low-tier hobgoblin ranged lurker, ugly hobgoblin with pig-like face, muddy pink skin, small irritated muddy amber eyes, light leather scraps, bundle of short throwing spears, crouched on top of a rough watch cart with one foot braced on the rail, weak early-game cart-top ambusher with elevated nasty posture, same Ternfields zone with sunny green pasture, cart frames, and white tents in the composition, grounded medieval fantasy.",,
ternfield_hobgoblins_08,14,guard,FALSE,Hayfork Minder,strength,melee,medium,medium,low,low,low,low,medium,low,low,"Stands where the pen, the cookfire, and the stolen road all meet, as if ugliness alone were enough to count as order.","Full-body low-tier hobgoblin field guard, thick-set ugly hobgoblin with pig-like face, muddy pink skin, small irritated muddy amber eyes, rough leather apron, long hayfork or pitchfork held at a practical angle, planted watch posture near hay bales and a pen gate, weak early-game guard with long-weapon silhouette rather than a swordsman silhouette, same Ternfields zone with bright grass, wagon ruts, and white tents in the composition, grounded medieval fantasy.",,
ternfield_hobgoblins_08,15,boss,TRUE,The Camp Reeve,strength,melee,high,high,medium,low,low,low,medium,low,low,"Claims the camp by counting every crate, every fence post, and every beating still owed before dusk. In Ternfields, that passes for administration.","Full-body early low-mid hobgoblin boss, broad ugly hobgoblin overseer with pig-like face, muddy pink skin, small irritated muddy amber eyes, heavier leather harness reinforced by stolen iron plates, hooked cudgel or short polearm in one hand, dominant but still grounded stance beside a commandeered supply cart, clearly above the rest of the family but still mundane and far from elite, same Ternfields zone with bright green pasture, tents, and field fencing behind him, grounded medieval fantasy.",solo,
ternfield_hobgoblins_08,16,boss,TRUE,Old Tusk,strength,melee,high,medium,high,low,medium,low,medium,low,low,"Too large for the pen, too mean for the rope, and too long fed on camp scraps to fear anything smaller than a wall.","Large camp-fed boar group boss, massive scarred tusked boar with slab-like shoulders, huge mud-streaked body broader than a cart, long chipped tusks, old rope harness remnants biting into the hide, head carried low while the back rises high and heavy, body posed off-center so the beast crowds most of the frame, clearly much larger than every pen rail, hay bale, cart wheel, and fence post around it but still grounded rather than mythical, ugly early-game setpiece beast with overwhelming local scale and no heroic framing.",group,"Grounded medieval fantasy pen-yard setpiece inside the Ternfields camp, unique boss scene background for a massive camp-fed boar, broader open enclosure with broken pen rails, overturned troughs, split fence posts, cart wheels, hay bales, feed sacks, trampled grass, and muddy hoof-churned ground under bright daylight, include strong repeated scale anchors such as full hay bales, troughs, pen gates, and cart wheels that all read clearly small beside the beast, stage the monster so it sprawls across one side and the center while the remaining space shows pen depth and broken field structures, the beast should feel far too large for the camp to safely contain but still grounded rather than colossal, no crowd, no heroic framing."
