icon_key,display_name,system,branch,effect_summary,flavor_text,prompt
node_first_charter,First Charter,renown,renown_tree,Root renown node — foundation of the renown tree; grants access to all first-tier passives,"A guild that has a founding document has something worth defending.",Rendering Model (Strict): 2D game asset illustration; medium cel shading only; maximum three value groups per material (light, mid, shadow); sharp but slightly moderated shadow edges, no gradient blending; no soft lighting; no volumetric light; no bloom outside silhouette; no painterly brush texture; no realistic rendering; no 3D render look; flat color fills; minimal surface noise (subtle 5-10% texture only). Line & Shape Control: medium-weight outer contour line; thinner internal detail lines; clean ink-style linework; bold, readable silhouette; simplified surface detail; no micro-detail rendering. Material Definition: thick parchment, dark oak scroll-ends, wax, brass rendered with flat highlight bands not gradients; no high-gloss reflections. Color System: muted earthy palette; restrained amber-gold accents on wax seal ring and brass end-caps only; no glow. Realism Control: semi-realistic proportions grounded but clearly illustrative; realism level 4/10; not cartoon exaggerated; not photorealistic. Prohibited: no background elements; no environment; no floor; no cast shadow outside silhouette; no particles; no smoke; no decorative framing; no text; no readable lettering. Asset Presentation Rules (Locked): single isolated skill node icon; centered composition; object fills roughly 75 percent of frame; transparent background with true alpha channel; background must be completely empty and fully transparent; clean object edges with no halo and no backdrop residue; clean UI-ready presentation. One founding charter only. Partially unfurled thick parchment document with heavy dark-oak scroll-ends, sealed at centre by a large amber wax seal bearing a plain crown emblem, dark leather tie ribbon loose to one side, blank parchment body with no legible text or script, scholarly grounded origin piece, no weapons, no hands, highly readable at skill-node icon size.
node_ledger_quills,Ledger Quills,renown,renown_tree,+% Ducat gain from contract completions,"Numbers don't lie. Quills that record them don't flatter.",Rendering Model (Strict): 2D game asset illustration; medium cel shading only; maximum three value groups per material (light, mid, shadow); sharp but slightly moderated shadow edges, no gradient blending; no soft lighting; no volumetric light; no bloom outside silhouette; no painterly brush texture; no realistic rendering; no 3D render look; flat color fills; minimal surface noise (subtle 5-10% texture only). Line & Shape Control: medium-weight outer contour line; thinner internal detail lines; clean ink-style linework; bold, readable silhouette; simplified surface detail; no micro-detail rendering. Material Definition: dark leather cover, parchment pages, iron quill ferrules, dark ink rendered with flat highlight bands not gradients; no high-gloss reflections. Color System: muted earthy palette; restrained amber accent on brass corner clasps and quill tips only; no glow. Realism Control: semi-realistic proportions grounded but clearly illustrative; realism level 4/10; not cartoon exaggerated; not photorealistic. Prohibited: no background elements; no environment; no floor; no cast shadow outside silhouette; no particles; no smoke; no decorative framing; no text; no readable lettering or ruled lines. Asset Presentation Rules (Locked): single isolated skill node icon; centered composition; object fills roughly 75 percent of frame; transparent background with true alpha channel; background must be completely empty and fully transparent; clean object edges with no halo and no backdrop residue; clean UI-ready presentation. One open ledger with two crossed quills only. Open leather-bound ledger viewed in three-quarter angle with two crossed quills resting across the open pages, dark ink wells flanking the book, heavy brass corner reinforcements on the cover, pages blank with no legible script or lines, practical accounting instrument, no hands, highly readable at skill-node icon size.
node_garden_patronage,Garden Patronage,renown,renown_tree,+% passive training yield from rest periods,"Patience is its own discipline. The garden does not argue.",Rendering Model (Strict): 2D game asset illustration; medium cel shading only; maximum three value groups per material (light, mid, shadow); sharp but slightly moderated shadow edges, no gradient blending; no soft lighting; no volumetric light; no bloom outside silhouette; no painterly brush texture; no realistic rendering; no 3D render look; flat color fills; minimal surface noise (subtle 5-10% texture only). Line & Shape Control: medium-weight outer contour line; thinner internal detail lines; clean ink-style linework; bold, readable silhouette; simplified surface detail; no micro-detail rendering. Material Definition: fired clay, dark soil, braided leather cord, iron ring base rendered with flat highlight bands not gradients; no high-gloss reflections. Color System: muted earthy palette; restrained sage-green accent on single seedling sprout only; no glow. Realism Control: semi-realistic proportions grounded but clearly illustrative; realism level 4/10; not cartoon exaggerated; not photorealistic. Prohibited: no background elements; no environment; no floor; no cast shadow outside silhouette; no particles; no smoke; no decorative framing; no text; no readable lettering. Asset Presentation Rules (Locked): single isolated skill node icon; centered composition; object fills roughly 75 percent of frame; transparent background with true alpha channel; background must be completely empty and fully transparent; clean object edges with no halo and no backdrop residue; clean UI-ready presentation. One clay pot with seedling only. Sturdy fired clay urn viewed in three-quarter angle with a single strong seedling emerging from dark soil at centre, one braided leather cord wrapped around the pot body, iron ring base implied, minimal botanical detail, grounded craft rather than ornamental garden, no faces, no hands, highly readable at skill-node icon size.
node_campaign_banners,Campaign Banners,renown,renown_tree,+% contract reward quality,"Carried far enough, a banner becomes an argument.",Rendering Model (Strict): 2D game asset illustration; medium cel shading only; maximum three value groups per material (light, mid, shadow); sharp but slightly moderated shadow edges, no gradient blending; no soft lighting; no volumetric light; no bloom outside silhouette; no painterly brush texture; no realistic rendering; no 3D render look; flat color fills; minimal surface noise (subtle 5-10% texture only). Line & Shape Control: medium-weight outer contour line; thinner internal detail lines; clean ink-style linework; bold, readable silhouette; simplified surface detail; no micro-detail rendering. Material Definition: heavy canvas, iron pole tip, iron ring fasteners, leather banner strap rendered with flat highlight bands not gradients; no high-gloss reflections. Color System: muted earthy palette; restrained crimson-brown accent on canvas panel only; no glow. Realism Control: semi-realistic proportions grounded but clearly illustrative; realism level 4/10; not cartoon exaggerated; not photorealistic. Prohibited: no background elements; no environment; no floor; no cast shadow outside silhouette; no particles; no smoke; no decorative framing; no text; no readable lettering. Asset Presentation Rules (Locked): single isolated skill node icon; centered composition; object fills roughly 75 percent of frame; transparent background with true alpha channel; background must be completely empty and fully transparent; clean object edges with no halo and no backdrop residue; clean UI-ready presentation. One furled campaign banner on pole only. Furled canvas banner upright on short iron-tipped pole, canvas edge with visible stitched hem, iron ring fasteners on the pole shaft, plain canvas body with only a single stamped imperial star emblem and no text, practical military standard rather than ceremonial flag, no hands, no weapons beyond the pole tip, highly readable at skill-node icon size.
node_surveyor_marks,Surveyor Marks,renown,renown_tree,Reveals additional contract sites on the board,"Every road worth taking was walked first by someone with a compass and a question.",Rendering Model (Strict): 2D game asset illustration; medium cel shading only; maximum three value groups per material (light, mid, shadow); sharp but slightly moderated shadow edges, no gradient blending; no soft lighting; no volumetric light; no bloom outside silhouette; no painterly brush texture; no realistic rendering; no 3D render look; flat color fills; minimal surface noise (subtle 5-10% texture only). Line & Shape Control: medium-weight outer contour line; thinner internal detail lines; clean ink-style linework; bold, readable silhouette; simplified surface detail; no micro-detail rendering. Material Definition: brass compass case, folded parchment, iron clip, worn linen rendered with flat highlight bands not gradients; no high-gloss reflections. Color System: muted earthy palette; restrained amber-gold accent on brass compass face and needle only; no glow. Realism Control: semi-realistic proportions grounded but clearly illustrative; realism level 4/10; not cartoon exaggerated; not photorealistic. Prohibited: no background elements; no environment; no floor; no cast shadow outside silhouette; no particles; no smoke; no decorative framing; no text; no readable lettering or place names. Asset Presentation Rules (Locked): single isolated skill node icon; centered composition; object fills roughly 75 percent of frame; transparent background with true alpha channel; background must be completely empty and fully transparent; clean object edges with no halo and no backdrop residue; clean UI-ready presentation. One surveyor compass resting on map fragment only. Brass surveyor compass viewed at slight upward tilt, plain brass case with four cardinal-point marks and a needle, corner of a folded rough parchment map with pressed fold lines and iron holding clip tucked beneath the compass, no text, no readable place names, grounded field instrument composed as single tight icon object, highly readable at skill-node icon size.
node_wardens_lantern,Warden's Lantern,renown,renown_tree,+% XP gain from night-zone contracts,"It does not ask who you are. It asks who is there.",Rendering Model (Strict): 2D game asset illustration; medium cel shading only; maximum three value groups per material (light, mid, shadow); sharp but slightly moderated shadow edges, no gradient blending; no soft lighting; no volumetric light; no bloom outside silhouette; no painterly brush texture; no realistic rendering; no 3D render look; flat color fills; minimal surface noise (subtle 5-10% texture only). Line & Shape Control: medium-weight outer contour line; thinner internal detail lines; clean ink-style linework; bold, readable silhouette; simplified surface detail; no micro-detail rendering. Material Definition: iron cage frame, thick glass panes, leather carry strap, wax tallow candle rendered with flat highlight bands not gradients; any glow strictly inside glass panes only. Color System: muted earthy palette; restrained amber-gold glow contained within glass panels only; absolutely no bloom or spill beyond glass edges. Realism Control: semi-realistic proportions grounded but clearly illustrative; realism level 4/10; not cartoon exaggerated; not photorealistic. Prohibited: no background elements; no environment; no floor; no cast shadow outside silhouette; no particles; no smoke; no decorative framing; no text; no readable lettering. Asset Presentation Rules (Locked): single isolated skill node icon; centered composition; object fills roughly 75 percent of frame; transparent background with true alpha channel; background must be completely empty and fully transparent; clean object edges with no halo and no backdrop residue; clean UI-ready presentation. One warden patrol lantern only. Compact warden patrol lantern viewed in three-quarter angle; squared iron cage frame with flat glass panes, tallow candle visible through glass with contained amber fill inside panes only, leather carry strap coiled at the base, iron ring hanging loop at top, functional working lantern not a decorative fixture, no hands, highly readable at skill-node icon size.
node_stillroom_measures,Stillroom Measures,renown,renown_tree,+% healing item efficiency,"Measure twice because the second measure always tells the truth.",Rendering Model (Strict): 2D game asset illustration; medium cel shading only; maximum three value groups per material (light, mid, shadow); sharp but slightly moderated shadow edges, no gradient blending; no soft lighting; no volumetric light; no bloom outside silhouette; no painterly brush texture; no realistic rendering; no 3D render look; flat color fills; minimal surface noise (subtle 5-10% texture only). Line & Shape Control: medium-weight outer contour line; thinner internal detail lines; clean ink-style linework; bold, readable silhouette; simplified surface detail; no micro-detail rendering. Material Definition: glass flasks, pewter stoppers, ceramic vessel, leather binding strap rendered with flat highlight bands not gradients; no high-gloss reflections. Color System: muted earthy palette; restrained sage accent on liquid fill visible through glass vessel only; no glow; no magical effect. Realism Control: semi-realistic proportions grounded but clearly illustrative; realism level 4/10; not cartoon exaggerated; not photorealistic. Prohibited: no background elements; no environment; no floor; no cast shadow outside silhouette; no particles; no smoke; no decorative framing; no text; no readable lettering. Asset Presentation Rules (Locked): single isolated skill node icon; centered composition; object fills roughly 75 percent of frame; transparent background with true alpha channel; background must be completely empty and fully transparent; clean object edges with no halo and no backdrop residue; clean UI-ready presentation. One pair of stillroom measuring vessels only. Short wide-mouth ceramic vessel and taller glass dropper flask side by side, bound together with a simple leather strap, pewter stopper on the flask, sage-tinted liquid fill visible through the glass body only, apothecary craft rather than magical alchemy, no text, no labels, no hands, highly readable at skill-node icon size.
node_seed_vaults,Seed Vaults,renown,renown_tree,Unlocks additional passive training slot,"Some things are worth storing before they are worth planting.",Rendering Model (Strict): 2D game asset illustration; medium cel shading only; maximum three value groups per material (light, mid, shadow); sharp but slightly moderated shadow edges, no gradient blending; no soft lighting; no volumetric light; no bloom outside silhouette; no painterly brush texture; no realistic rendering; no 3D render look; flat color fills; minimal surface noise (subtle 5-10% texture only). Line & Shape Control: medium-weight outer contour line; thinner internal detail lines; clean ink-style linework; bold, readable silhouette; simplified surface detail; no micro-detail rendering. Material Definition: iron-reinforced oak planks, thick iron straps, rope handle, leather cord rendered with flat highlight bands not gradients; no high-gloss reflections. Color System: muted earthy palette; no glow; no accent beyond natural iron and wood tones. Realism Control: semi-realistic proportions grounded but clearly illustrative; realism level 4/10; not cartoon exaggerated; not photorealistic. Prohibited: no background elements; no environment; no floor; no cast shadow outside silhouette; no particles; no smoke; no decorative framing; no text; no readable lettering. Asset Presentation Rules (Locked): single isolated skill node icon; centered composition; object fills roughly 75 percent of frame; transparent background with true alpha channel; background must be completely empty and fully transparent; clean object edges with no halo and no backdrop residue; clean UI-ready presentation. One compact storage chest only. Small iron-reinforced oak storage chest viewed in three-quarter angle; compact form with heavy corner iron straps, iron double-latch front, loop of thick rope handle at top, surface lightly worn but sealed, deliberately mundane sturdy storage-crate language not a treasure chest, no ornamentation, no visible contents, highly readable at skill-node icon size.
node_quartermaster_routes,Quartermaster Routes,renown,renown_tree,+% contract stamina discount,"A quartermaster who knows every road also knows which ones to avoid.",Rendering Model (Strict): 2D game asset illustration; medium cel shading only; maximum three value groups per material (light, mid, shadow); sharp but slightly moderated shadow edges, no gradient blending; no soft lighting; no volumetric light; no bloom outside silhouette; no painterly brush texture; no realistic rendering; no 3D render look; flat color fills; minimal surface noise (subtle 5-10% texture only). Line & Shape Control: medium-weight outer contour line; thinner internal detail lines; clean ink-style linework; bold, readable silhouette; simplified surface detail; no micro-detail rendering. Material Definition: worn parchment, leather map case, brass tack pins, tooled leather carry strap rendered with flat highlight bands not gradients; no high-gloss reflections. Color System: muted earthy palette; restrained amber accent on brass map-pin heads only; no glow. Realism Control: semi-realistic proportions grounded but clearly illustrative; realism level 4/10; not cartoon exaggerated; not photorealistic. Prohibited: no background elements; no environment; no floor; no cast shadow outside silhouette; no particles; no smoke; no decorative framing; no text; no readable lettering or place names. Asset Presentation Rules (Locked): single isolated skill node icon; centered composition; object fills roughly 75 percent of frame; transparent background with true alpha channel; background must be completely empty and fully transparent; clean object edges with no halo and no backdrop residue; clean UI-ready presentation. One folded supply map in leather case only. Partially unrolled parchment with pressed fold lines and three brass pin markers at implied route points with no readable labels, leather case edge and carry strap folded beneath, plain cartographic instrument language, no text, highly readable at skill-node icon size.
node_tempering_clause,Tempering Clause,renown,renown_tree,+% equipment durability retention,"The contract that survives the forge is the one worth signing.",Rendering Model (Strict): 2D game asset illustration; medium cel shading only; maximum three value groups per material (light, mid, shadow); sharp but slightly moderated shadow edges, no gradient blending; no soft lighting; no volumetric light; no bloom outside silhouette; no painterly brush texture; no realistic rendering; no 3D render look; flat color fills; minimal surface noise (subtle 5-10% texture only). Line & Shape Control: medium-weight outer contour line; thinner internal detail lines; clean ink-style linework; bold, readable silhouette; simplified surface detail; no micro-detail rendering. Material Definition: heavy iron hammer head, leather wrapped haft, folded parchment contract, wax seal rendered with flat highlight bands not gradients; no high-gloss reflections. Color System: muted earthy palette; restrained crimson accent on contract wax seal impression only; no glow. Realism Control: semi-realistic proportions grounded but clearly illustrative; realism level 4/10; not cartoon exaggerated; not photorealistic. Prohibited: no background elements; no environment; no floor; no cast shadow outside silhouette; no particles; no smoke; no decorative framing; no text; no readable lettering. Asset Presentation Rules (Locked): single isolated skill node icon; centered composition; object fills roughly 75 percent of frame; transparent background with true alpha channel; background must be completely empty and fully transparent; clean object edges with no halo and no backdrop residue; clean UI-ready presentation. One smithing hammer resting across a folded contract only. Iron smithing hammer resting horizontally across a folded military contract; thick hammer head with flat strike face, leather-wrapped handle, contract edge visible with heavy crimson wax seal stamped on the fold, no legible text on contract body, paired objects communicate martial law and craft discipline, no hands, highly readable at skill-node icon size.
node_archive_ciphers,Archive Ciphers,renown,renown_tree,Unlocks additional contract intel tier,"Knowledge worth encoding is knowledge worth recovering.",Rendering Model (Strict): 2D game asset illustration; medium cel shading only; maximum three value groups per material (light, mid, shadow); sharp but slightly moderated shadow edges, no gradient blending; no soft lighting; no volumetric light; no bloom outside silhouette; no painterly brush texture; no realistic rendering; no 3D render look; flat color fills; minimal surface noise (subtle 5-10% texture only). Line & Shape Control: medium-weight outer contour line; thinner internal detail lines; clean ink-style linework; bold, readable silhouette; simplified surface detail; no micro-detail rendering. Material Definition: brass cipher ring, iron centre pin, aged parchment base, leather framing rendered with flat highlight bands not gradients; no high-gloss reflections. Color System: muted earthy palette; restrained amber-gold accent on brass cipher wheel face only; no glow; no magical effect. Realism Control: semi-realistic proportions grounded but clearly illustrative; realism level 4/10; not cartoon exaggerated; not photorealistic. Prohibited: no background elements; no environment; no floor; no cast shadow outside silhouette; no particles; no smoke; no decorative framing; no text; no readable letters or legible alphabet. Asset Presentation Rules (Locked): single isolated skill node icon; centered composition; object fills roughly 75 percent of frame; transparent background with true alpha channel; background must be completely empty and fully transparent; clean object edges with no halo and no backdrop residue; clean UI-ready presentation. One cipher disc on parchment fragment only. Brass outer ring and inner ring code wheel viewed in three-quarter tilt, engraved segmented marks suggesting encoded characters but absolutely no legible alphabet, slim iron pin at centre, resting on a rolled parchment edge, esoteric but grounded academic instrument not a magical artefact, no hands, highly readable at skill-node icon size.
node_draught_reserve,Draught Reserve,renown,renown_tree,+% potion stack size from merchant shops,"The well-prepared apothecary never counts on a second trip.",Rendering Model (Strict): 2D game asset illustration; medium cel shading only; maximum three value groups per material (light, mid, shadow); sharp but slightly moderated shadow edges, no gradient blending; no soft lighting; no volumetric light; no bloom outside silhouette; no painterly brush texture; no realistic rendering; no 3D render look; flat color fills; minimal surface noise (subtle 5-10% texture only). Line & Shape Control: medium-weight outer contour line; thinner internal detail lines; clean ink-style linework; bold, readable silhouette; simplified surface detail; no micro-detail rendering. Material Definition: glass flasks, pewter stoppers, ceramic rack or short wood rack, leather label ties rendered with flat highlight bands not gradients; no high-gloss reflections. Color System: muted earthy palette; restrained amber accent on liquid fill visible through glass flask bodies only; no glow; no magical aura. Realism Control: semi-realistic proportions grounded but clearly illustrative; realism level 4/10; not cartoon exaggerated; not photorealistic. Prohibited: no background elements; no environment; no floor; no cast shadow outside silhouette; no particles; no smoke; no decorative framing; no text; no readable lettering. Asset Presentation Rules (Locked): single isolated skill node icon; centered composition; object fills roughly 75 percent of frame; transparent background with true alpha channel; background must be completely empty and fully transparent; clean object edges with no halo and no backdrop residue; clean UI-ready presentation. One apothecary vial rack only. Short wooden rack holding three equal-height glass flasks, amber tinted liquid at mid-fill in each flask, pewter stoppers seated in each flask, small leather label ties attached but blank, practical medicinal reserve not a magical potion set, clean uniform silhouette, no hands, highly readable at skill-node icon size.
node_veteran_dispatch,Veteran Dispatch,renown,renown_tree,Unlocks elite contract tier on the board,"Some orders only travel as far as the soldier who earned the right to carry them.",Rendering Model (Strict): 2D game asset illustration; medium cel shading only; maximum three value groups per material (light, mid, shadow); sharp but slightly moderated shadow edges, no gradient blending; no soft lighting; no volumetric light; no bloom outside silhouette; no painterly brush texture; no realistic rendering; no 3D render look; flat color fills; minimal surface noise (subtle 5-10% texture only). Line & Shape Control: medium-weight outer contour line; thinner internal detail lines; clean ink-style linework; bold, readable silhouette; simplified surface detail; no micro-detail rendering. Material Definition: thick parchment, leather cord ties, crimson wax seal, iron corner reinforcement tabs rendered with flat highlight bands not gradients; no high-gloss reflections. Color System: muted earthy palette; restrained crimson accent on wax military seal bearing simple crossed swords emblem only; no glow. Realism Control: semi-realistic proportions grounded but clearly illustrative; realism level 4/10; not cartoon exaggerated; not photorealistic. Prohibited: no background elements; no environment; no floor; no cast shadow outside silhouette; no particles; no smoke; no decorative framing; no text; no readable lettering. Asset Presentation Rules (Locked): single isolated skill node icon; centered composition; object fills roughly 75 percent of frame; transparent background with true alpha channel; background must be completely empty and fully transparent; clean object edges with no halo and no backdrop residue; clean UI-ready presentation. One sealed military dispatch letter only. Thick parchment folded to letter form, crimson wax seal bearing a simple crossed swords emblem, two leather cord ties securing the fold, iron corner reinforcement tabs at fold ends, official military communication object, no legible text, no hands, highly readable at skill-node icon size.
node_academy_core,Academy Core,guild_academy,core,Foundation of all guild research — unlocks all research branches,"Before knowledge is shared it must first be housed.",Rendering Model (Strict): 2D game asset illustration; medium cel shading only; maximum three value groups per material (light, mid, shadow); sharp but slightly moderated shadow edges, no gradient blending; no soft lighting; no volumetric light; no bloom outside silhouette; no painterly brush texture; no realistic rendering; no 3D render look; flat color fills; minimal surface noise (subtle 5-10% texture only). Line & Shape Control: medium-weight outer contour line; thinner internal detail lines; clean ink-style linework; bold, readable silhouette; simplified surface detail; no micro-detail rendering. Material Definition: carved stone plaque face, brass central medallion, iron corner pin rings rendered with flat highlight bands not gradients; no high-gloss reflections. Color System: muted earthy palette; restrained amber-gold accents on brass medallion rim and central emblem only; no glow. Realism Control: semi-realistic proportions grounded but clearly illustrative; realism level 4/10; not cartoon exaggerated; not photorealistic. Prohibited: no background elements; no environment; no floor; no cast shadow outside silhouette; no particles; no smoke; no decorative framing; no text; no readable inscription. Asset Presentation Rules (Locked): single isolated skill node icon; centered composition; object fills roughly 75 percent of frame; transparent background with true alpha channel; background must be completely empty and fully transparent; clean object edges with no halo and no backdrop residue; clean UI-ready presentation. One academy cornerstone plaque only. Carved stone plaque in three-quarter angle, clean rectangular stone face with a raised brass central medallion bearing a book-and-flame motif, iron corner pin rings, heavy crafted appearance suggesting permanence and institutional foundation, no text, no readable inscription, no magical glow, highly readable at skill-node icon size.
node_combat_basics,Combat Basics,guild_academy,combat,+1% Combat Power per level (5 levels); +5% completion bonus,"A guild that trains together bleeds less together.",Rendering Model (Strict): 2D game asset illustration; medium cel shading only; maximum three value groups per material (light, mid, shadow); sharp but slightly moderated shadow edges, no gradient blending; no soft lighting; no volumetric light; no bloom outside silhouette; no painterly brush texture; no realistic rendering; no 3D render look; flat color fills; minimal surface noise (subtle 5-10% texture only). Line & Shape Control: medium-weight outer contour line; thinner internal detail lines; clean ink-style linework; bold, readable silhouette; simplified surface detail; no micro-detail rendering. Material Definition: plain iron blades, leather grip wrappings, no guard ornamentation rendered with flat highlight bands not gradients; no high-gloss reflections. Color System: muted earthy palette; restrained crimson accent on leather grip bind thread only; no glow. Realism Control: semi-realistic proportions grounded but clearly illustrative; realism level 4/10; not cartoon exaggerated; not photorealistic. Prohibited: no background elements; no environment; no floor; no cast shadow outside silhouette; no particles; no smoke; no decorative framing; no text; no readable lettering; no blood. Asset Presentation Rules (Locked): single isolated skill node icon; centered composition; object fills roughly 75 percent of frame; transparent background with true alpha channel; background must be completely empty and fully transparent; clean object edges with no halo and no backdrop residue; clean UI-ready presentation. One pair of crossed training swords only. Plain iron blades in clean symmetric crossed arrangement face-on, leather-wrapped grips with restrained crimson bind thread, no guard ornamentation, deliberately un-ornate sparring equipment suggesting instruction rather than battle, no hands, highly readable at skill-node icon size.
node_heavy_arms,Heavy Arms,guild_academy,combat,+2–3% Combat Power per level (4 levels) + completion bonus,"The slower the swing, the fewer swings it takes.",Rendering Model (Strict): 2D game asset illustration; medium cel shading only; maximum three value groups per material (light, mid, shadow); sharp but slightly moderated shadow edges, no gradient blending; no soft lighting; no volumetric light; no bloom outside silhouette; no painterly brush texture; no realistic rendering; no 3D render look; flat color fills; minimal surface noise (subtle 5-10% texture only). Line & Shape Control: medium-weight outer contour line; thinner internal detail lines; clean ink-style linework; bold, readable silhouette; simplified surface detail; no micro-detail rendering. Material Definition: dark iron warhammer head, steel collar, leather haft wrap rendered with flat highlight bands not gradients; no high-gloss reflections. Color System: muted earthy palette; iron-grey dominant; restrained crimson accent on leather haft wrap only; no glow. Realism Control: semi-realistic proportions grounded but clearly illustrative; realism level 4/10; not cartoon exaggerated; not photorealistic. Prohibited: no background elements; no environment; no floor; no cast shadow outside silhouette; no particles; no smoke; no decorative framing; no text; no readable lettering. Asset Presentation Rules (Locked): single isolated skill node icon; centered composition; object fills roughly 75 percent of frame; transparent background with true alpha channel; background must be completely empty and fully transparent; clean object edges with no halo and no backdrop residue; clean UI-ready presentation. One warhammer head only. Flat-topped heavy iron warhammer head viewed in three-quarter angle; squared strike face, reinforced collar at shaft junction, leather-wrap top of haft visible beneath the collar, hammer resting face-forward, martial and weighty silhouette with no ornamentation, highly readable at skill-node icon size.
node_swift_strike,Swift Strike,guild_academy,combat,+2–3% XP Gain per level (4 levels) + completion bonus,"Speed is the argument that ends arguments earliest.",Rendering Model (Strict): 2D game asset illustration; medium cel shading only; maximum three value groups per material (light, mid, shadow); sharp but slightly moderated shadow edges, no gradient blending; no soft lighting; no volumetric light; no bloom outside silhouette; no painterly brush texture; no realistic rendering; no 3D render look; flat color fills; minimal surface noise (subtle 5-10% texture only). Line & Shape Control: medium-weight outer contour line; thinner internal detail lines; clean ink-style linework; bold, readable silhouette; simplified surface detail; no micro-detail rendering. Material Definition: hardened iron blade, tooled leather scabbard, iron tip cap rendered with flat highlight bands not gradients; no high-gloss reflections. Color System: muted earthy palette; restrained crimson accent on leather scabbard reinforcement panels only; no glow. Realism Control: semi-realistic proportions grounded but clearly illustrative; realism level 4/10; not cartoon exaggerated; not photorealistic. Prohibited: no background elements; no environment; no floor; no cast shadow outside silhouette; no particles; no smoke; no decorative framing; no text; no readable lettering; no blood. Asset Presentation Rules (Locked): single isolated skill node icon; centered composition; object fills roughly 75 percent of frame; transparent background with true alpha channel; background must be completely empty and fully transparent; clean object edges with no halo and no backdrop residue; clean UI-ready presentation. One curved short blade with scabbard only. Polished iron blade and tooled leather scabbard placed close together in three-quarter tilt, iron tip cap on scabbard end, leather reinforcement panels with crimson accent visible, the pairing suggests speed and readiness, blade and scabbard as companion objects forming a tight clean silhouette, no hands, no blood, highly readable at skill-node icon size.
node_warlord_creed,Warlord's Creed,guild_academy,combat,+5–10% Combat Power per level (3 levels) + 15% completion bonus; hidden until prerequisites met,"Doctrine is the weapon that never dulls.",Rendering Model (Strict): 2D game asset illustration; medium cel shading only; maximum three value groups per material (light, mid, shadow); sharp but slightly moderated shadow edges, no gradient blending; no soft lighting; no volumetric light; no bloom outside silhouette; no painterly brush texture; no realistic rendering; no 3D render look; flat color fills; minimal surface noise (subtle 5-10% texture only). Line & Shape Control: medium-weight outer contour line; thinner internal detail lines; clean ink-style linework; bold, readable silhouette; simplified surface detail; no micro-detail rendering. Material Definition: dark iron crown, plain dark leather backing panel, rough canvas banner fragment, no gemstones rendered with flat highlight bands not gradients; no high-gloss reflections. Color System: muted earthy palette; restrained crimson accent on canvas banner fragment only; no arcane glow; no magical effect. Realism Control: semi-realistic proportions grounded but clearly illustrative; realism level 4/10; not cartoon exaggerated; not photorealistic. Prohibited: no background elements; no environment; no floor; no cast shadow outside silhouette; no particles; no smoke; no decorative framing; no text; no readable lettering; no skulls; no blood. Asset Presentation Rules (Locked): single isolated skill node icon; centered composition; object fills roughly 75 percent of frame; transparent background with true alpha channel; background must be completely empty and fully transparent; clean object edges with no halo and no backdrop residue; clean UI-ready presentation. One warlord campaign crest only. Plain iron crown resting on a small crossed war banner fragment viewed face-on, dark leather backing panel, iron crown with no gemstones or decorative elements, canvas banner with simple chevron heraldic mark and no text, commanding and austere martial composition, hidden-node prestige communicated through material weight not magic, highly readable at skill-node icon size.
node_arcane_basics,Arcane Basics,guild_academy,arcane,+1–2% Arcane Resistance per level (5 levels); +5% completion bonus,"The first rune drawn is the one that teaches your hand to stop shaking.",Rendering Model (Strict): 2D game asset illustration; medium cel shading only; maximum three value groups per material (light, mid, shadow); sharp but slightly moderated shadow edges, no gradient blending; no soft lighting; no volumetric light; no bloom outside silhouette; no painterly brush texture; no realistic rendering; no 3D render look; flat color fills; minimal surface noise (subtle 5-10% texture only). Line & Shape Control: medium-weight outer contour line; thinner internal detail lines; clean ink-style linework; bold, readable silhouette; simplified surface detail; no micro-detail rendering. Material Definition: smooth grey stone tablet, single brass-inlay rune line, leather framing edge rendered with flat highlight bands not gradients; any glow strictly inside the thin brass inlay groove only. Color System: muted earthy palette; restrained violet accent as thin contained inlay line within the single rune groove only; absolutely no soft glow beyond the engraving line. Realism Control: semi-realistic proportions grounded but clearly illustrative; realism level 4/10; not cartoon exaggerated; not photorealistic. Prohibited: no background elements; no environment; no floor; no cast shadow outside silhouette; no particles; no smoke; no decorative framing; no text; no readable script. Asset Presentation Rules (Locked): single isolated skill node icon; centered composition; object fills roughly 75 percent of frame; transparent background with true alpha channel; background must be completely empty and fully transparent; clean object edges with no halo and no backdrop residue; clean UI-ready presentation. One flat rune tablet only. Smooth grey stone face viewed in three-quarter angle, single engraved rune symbol at centre with brass inlay line contained within the groove, no additional runes or symbols, no text, academic arcane study beginning rather than active magic display, no hands, highly readable at skill-node icon size.
node_runic_shields,Runic Shields,guild_academy,arcane,+2–3% Arcane Resistance per level (4 levels) + completion bonus,"A rune does not speak. It stands.",Rendering Model (Strict): 2D game asset illustration; medium cel shading only; maximum three value groups per material (light, mid, shadow); sharp but slightly moderated shadow edges, no gradient blending; no soft lighting; no volumetric light; no bloom outside silhouette; no painterly brush texture; no realistic rendering; no 3D render look; flat color fills; minimal surface noise (subtle 5-10% texture only). Line & Shape Control: medium-weight outer contour line; thinner internal detail lines; clean ink-style linework; bold, readable silhouette; simplified surface detail; no micro-detail rendering. Material Definition: heavy steel shield face, brass inlay engraving lines, iron central boss, thick leather rim binding rendered with flat highlight bands not gradients; any glow strictly inside inlay lines only. Color System: muted earthy palette; restrained violet accent on brass rune inlay lines only; no soft glow spillover beyond the inlay grooves. Realism Control: semi-realistic proportions grounded but clearly illustrative; realism level 4/10; not cartoon exaggerated; not photorealistic. Prohibited: no background elements; no environment; no floor; no cast shadow outside silhouette; no particles; no smoke; no decorative framing; no text; no readable lettering. Asset Presentation Rules (Locked): single isolated skill node icon; centered composition; object fills roughly 75 percent of frame; transparent background with true alpha channel; background must be completely empty and fully transparent; clean object edges with no halo and no backdrop residue; clean UI-ready presentation. One round kite-shield section only. Heavy steel shield face viewed in three-quarter angle, three geometric rune engravings filled with brass inlay on the face, plain iron boss at centre, thick leather rim binding at edge, solid defensive object with no magical aura beyond the contained inlay lines, highly readable at skill-node icon size.
node_spellweaving,Spellweaving,guild_academy,arcane,+2–3% Combat Power per level (4 levels) + completion bonus,"A spell woven in layers holds longer than one cast in haste.",Rendering Model (Strict): 2D game asset illustration; medium cel shading only; maximum three value groups per material (light, mid, shadow); sharp but slightly moderated shadow edges, no gradient blending; no soft lighting; no volumetric light; no bloom outside silhouette; no painterly brush texture; no realistic rendering; no 3D render look; flat color fills; minimal surface noise (subtle 5-10% texture only). Line & Shape Control: medium-weight outer contour line; thinner internal detail lines; clean ink-style linework; bold, readable silhouette; simplified surface detail; no micro-detail rendering. Material Definition: compact iron frame, intersecting metallic thread weave, small iron ring anchors at corners, waxed linen inlay rendered with flat highlight bands not gradients; no glow; no magical aura. Color System: muted earthy palette; restrained violet accent on metallic thread weave lines only; no spillover glow. Realism Control: semi-realistic proportions grounded but clearly illustrative; realism level 4/10; not cartoon exaggerated; not photorealistic. Prohibited: no background elements; no environment; no floor; no cast shadow outside silhouette; no particles; no smoke; no decorative framing; no text; no readable lettering. Asset Presentation Rules (Locked): single isolated skill node icon; centered composition; object fills roughly 75 percent of frame; transparent background with true alpha channel; background must be completely empty and fully transparent; clean object edges with no halo and no backdrop residue; clean UI-ready presentation. One arcane weaving frame only. Compact square iron frame viewed in three-quarter angle with intersecting metallic threads forming a deliberate layered geometric weave pattern, small iron ring anchors at the four corners, thread pattern reads as cipher-like structure suggesting layered spell construction, craft object not a magical display, no glow outside the weave, highly readable at skill-node icon size.
node_high_sorcery,High Sorcery,guild_academy,arcane,+5–10% Arcane Resistance per level (3 levels) + 15% completion bonus; hidden until prerequisites met,"The last seal takes the longest to draw for a reason.",Rendering Model (Strict): 2D game asset illustration; medium cel shading only; maximum three value groups per material (light, mid, shadow); sharp but slightly moderated shadow edges, no gradient blending; no soft lighting; no volumetric light; no bloom outside silhouette; no painterly brush texture; no realistic rendering; no 3D render look; flat color fills; minimal surface noise (subtle 5-10% texture only). Line & Shape Control: medium-weight outer contour line; thinner internal detail lines; clean ink-style linework; bold, readable silhouette; simplified surface detail; no micro-detail rendering. Material Definition: solid brass disc, fine iron engraving channels, iron mounting pegs rendered with flat highlight bands not gradients; any glow strictly inside innermost engraved circle only. Color System: muted earthy palette; restrained violet accent as faint tint inside the innermost engraved groove of the disc only; absolutely no soft glow outside the disc edge. Realism Control: semi-realistic proportions grounded but clearly illustrative; realism level 4/10; not cartoon exaggerated; not photorealistic. Prohibited: no background elements; no environment; no floor; no cast shadow outside silhouette; no particles; no smoke; no decorative framing; no text; no readable lettering. Asset Presentation Rules (Locked): single isolated skill node icon; centered composition; object fills roughly 75 percent of frame; transparent background with true alpha channel; background must be completely empty and fully transparent; clean object edges with no halo and no backdrop residue; clean UI-ready presentation. One grand arcane seal disc only. Solid brass disc viewed face-on, three concentric engraved ring layers each carrying fine geometric segmentation, iron mounting pegs at cardinal positions, innermost circle holds a single contained faint violet tint within the groove only, no soft glow outside disc edge, pinnacle arcane mastery communicated through material precision and layered engraving complexity not spectacle, highly readable at skill-node icon size.
node_guild_hall,Guild Hall Expansion,guild_academy,guild,+2–5 Max Guild Members per level (5 levels) + completion bonus,"Every stone laid is an argument that the guild intends to remain.",Rendering Model (Strict): 2D game asset illustration; medium cel shading only; maximum three value groups per material (light, mid, shadow); sharp but slightly moderated shadow edges, no gradient blending; no soft lighting; no volumetric light; no bloom outside silhouette; no painterly brush texture; no realistic rendering; no 3D render look; flat color fills; minimal surface noise (subtle 5-10% texture only). Line & Shape Control: medium-weight outer contour line; thinner internal detail lines; clean ink-style linework; bold, readable silhouette; simplified surface detail; no micro-detail rendering. Material Definition: cut stone block, recessed brass nameplate, iron bracket reinforcements, wood wedge shim rendered with flat highlight bands not gradients; no high-gloss reflections. Color System: muted earthy palette; restrained amber accent on brass nameplate and raised crown motif only; no glow. Realism Control: semi-realistic proportions grounded but clearly illustrative; realism level 4/10; not cartoon exaggerated; not photorealistic. Prohibited: no background elements; no environment; no floor; no cast shadow outside silhouette; no particles; no smoke; no decorative framing; no text; no readable lettering. Asset Presentation Rules (Locked): single isolated skill node icon; centered composition; object fills roughly 75 percent of frame; transparent background with true alpha channel; background must be completely empty and fully transparent; clean object edges with no halo and no backdrop residue; clean UI-ready presentation. One stone cornerstone block only. Cut stone cornerstone block viewed in three-quarter angle, brass nameplate recessed into the front face bearing a raised guild crown motif with no readable text, iron corner bracket reinforcements, wood wedge shim beneath suggesting active construction expansion, the object communicates building growth without depicting a full building, highly readable at skill-node icon size.
node_war_council,War Council,guild_academy,guild,+3–5% XP Gain for all members per level (3 levels) + completion bonus,"Commanders who disagree in the hall fight better in the field.",Rendering Model (Strict): 2D game asset illustration; medium cel shading only; maximum three value groups per material (light, mid, shadow); sharp but slightly moderated shadow edges, no gradient blending; no soft lighting; no volumetric light; no bloom outside silhouette; no painterly brush texture; no realistic rendering; no 3D render look; flat color fills; minimal surface noise (subtle 5-10% texture only). Line & Shape Control: medium-weight outer contour line; thinner internal detail lines; clean ink-style linework; bold, readable silhouette; simplified surface detail; no micro-detail rendering. Material Definition: dark polished wood table surface, parchment tactical sheet, iron officer marker pieces, iron leg frames rendered with flat highlight bands not gradients; no high-gloss reflections. Color System: muted earthy palette; restrained amber accent on brass officer marker heads only; no glow. Realism Control: semi-realistic proportions grounded but clearly illustrative; realism level 4/10; not cartoon exaggerated; not photorealistic. Prohibited: no background elements; no environment; no floor; no cast shadow outside silhouette; no particles; no smoke; no decorative framing; no text; no readable lettering or map labels; no figures or faces. Asset Presentation Rules (Locked): single isolated skill node icon; centered composition; object fills roughly 75 percent of frame; transparent background with true alpha channel; background must be completely empty and fully transparent; clean object edges with no halo and no backdrop residue; clean UI-ready presentation. One war council table fragment only. Round dark-polished wood table edge viewed from slightly above in three-quarter angle, folded parchment tactical overview on the surface with no legible labels, three iron officer markers placed at different positions, iron ring legs implied at lower frame edge, commanding strategic object language without depicting figures or battle, highly readable at skill-node icon size.
node_alliance_pact,Alliance Pact,guild_academy,guild,+3–5% Ducat Find for all members per level (3 levels) + completion bonus,"Two seals on one document accomplish what neither could alone.",Rendering Model (Strict): 2D game asset illustration; medium cel shading only; maximum three value groups per material (light, mid, shadow); sharp but slightly moderated shadow edges, no gradient blending; no soft lighting; no volumetric light; no bloom outside silhouette; no painterly brush texture; no realistic rendering; no 3D render look; flat color fills; minimal surface noise (subtle 5-10% texture only). Line & Shape Control: medium-weight outer contour line; thinner internal detail lines; clean ink-style linework; bold, readable silhouette; simplified surface detail; no micro-detail rendering. Material Definition: thick parchment strip, contrasting earthy wax for two seals, leather carry strap rendered with flat highlight bands not gradients; no high-gloss reflections. Color System: muted earthy palette; restrained amber accent on the two wax seal impressions only; no glow. Realism Control: semi-realistic proportions grounded but clearly illustrative; realism level 4/10; not cartoon exaggerated; not photorealistic. Prohibited: no background elements; no environment; no floor; no cast shadow outside silhouette; no particles; no smoke; no decorative framing; no text; no readable lettering; no handshake figures. Asset Presentation Rules (Locked): single isolated skill node icon; centered composition; object fills roughly 75 percent of frame; transparent background with true alpha channel; background must be completely empty and fully transparent; clean object edges with no halo and no backdrop residue; clean UI-ready presentation. One dual-seal treaty strip only. Thick parchment strip viewed in three-quarter tilt with two guild-crest wax seal impressions side by side, contrasting earthy wax tones, plain crest emblems with no readable text on either seal, leather carry strap folded beneath the document, treaty language communicated through dual-seal composition not figures or handshakes, highly readable at skill-node icon size.
node_merchant_ties,Merchant Ties,guild_academy,commerce,+1–2% Ducat Find per level (5 levels) + completion bonus,"The first merchant who trusts you is more valuable than the tenth who knows you.",Rendering Model (Strict): 2D game asset illustration; medium cel shading only; maximum three value groups per material (light, mid, shadow); sharp but slightly moderated shadow edges, no gradient blending; no soft lighting; no volumetric light; no bloom outside silhouette; no painterly brush texture; no realistic rendering; no 3D render look; flat color fills; minimal surface noise (subtle 5-10% texture only). Line & Shape Control: medium-weight outer contour line; thinner internal detail lines; clean ink-style linework; bold, readable silhouette; simplified surface detail; no micro-detail rendering. Material Definition: brass balance beam, leather cord suspension, small stacked guild coins rendered with flat highlight bands not gradients; no high-gloss reflections. Color System: muted earthy palette; restrained amber-gold accent on brass scale pans and coin edges only; no glow. Realism Control: semi-realistic proportions grounded but clearly illustrative; realism level 4/10; not cartoon exaggerated; not photorealistic. Prohibited: no background elements; no environment; no floor; no cast shadow outside silhouette; no particles; no smoke; no decorative framing; no text; no readable lettering. Asset Presentation Rules (Locked): single isolated skill node icon; centered composition; object fills roughly 75 percent of frame; transparent background with true alpha channel; background must be completely empty and fully transparent; clean object edges with no halo and no backdrop residue; clean UI-ready presentation. One merchant balance scale only. Compact brass beam scale viewed in three-quarter angle, two hanging pans with leather cord suspension, one pan holding two stacked guild coins with crown emblem, other pan empty suggesting offered exchange, iron base foot, clean trade object silhouette, no hands, highly readable at skill-node icon size.
node_trade_routes,Trade Routes,guild_academy,commerce,+3–5% Ducat Find per level (3 levels) + completion bonus,"A road with a name on it earns more than a road without one.",Rendering Model (Strict): 2D game asset illustration; medium cel shading only; maximum three value groups per material (light, mid, shadow); sharp but slightly moderated shadow edges, no gradient blending; no soft lighting; no volumetric light; no bloom outside silhouette; no painterly brush texture; no realistic rendering; no 3D render look; flat color fills; minimal surface noise (subtle 5-10% texture only). Line & Shape Control: medium-weight outer contour line; thinner internal detail lines; clean ink-style linework; bold, readable silhouette; simplified surface detail; no micro-detail rendering. Material Definition: thick weathered wood post, horizontal direction boards, iron arrow tips, carved notch marks rendered with flat highlight bands not gradients; no high-gloss reflections. Color System: muted earthy palette; restrained amber accent on iron directional arrow tips only; no glow. Realism Control: semi-realistic proportions grounded but clearly illustrative; realism level 4/10; not cartoon exaggerated; not photorealistic. Prohibited: no background elements; no environment; no floor; no cast shadow outside silhouette; no particles; no smoke; no decorative framing; no text; no readable placenames. Asset Presentation Rules (Locked): single isolated skill node icon; centered composition; object fills roughly 75 percent of frame; transparent background with true alpha channel; background must be completely empty and fully transparent; clean object edges with no halo and no backdrop residue; clean UI-ready presentation. One road wayfinding post only. Short thick wooden post viewed in three-quarter angle with three horizontal direction boards pointing in different directions, iron arrow tips on each board end, simple carved notch marks on each board but no legible placenames, worn weathered surface, practical wayfinding object, no hands, highly readable at skill-node icon size.
node_royal_charter,Royal Charter,guild_academy,commerce,+3–5% Item Find for all members per level (3 levels) + completion bonus,"The seal of a crown opens doors that gold alone merely knocks on.",Rendering Model (Strict): 2D game asset illustration; medium cel shading only; maximum three value groups per material (light, mid, shadow); sharp but slightly moderated shadow edges, no gradient blending; no soft lighting; no volumetric light; no bloom outside silhouette; no painterly brush texture; no realistic rendering; no 3D render look; flat color fills; minimal surface noise (subtle 5-10% texture only). Line & Shape Control: medium-weight outer contour line; thinner internal detail lines; clean ink-style linework; bold, readable silhouette; simplified surface detail; no micro-detail rendering. Material Definition: premium parchment roll, gold leaf corner reinforcement, dark leather strap, brass clasp, large amber-gold wax crown seal rendered with flat highlight bands not gradients; no high-gloss reflections. Color System: muted earthy palette; restrained amber-gold accent on wax crown seal and gold leaf corner only; no glow. Realism Control: semi-realistic proportions grounded but clearly illustrative; realism level 4/10; not cartoon exaggerated; not photorealistic. Prohibited: no background elements; no environment; no floor; no cast shadow outside silhouette; no particles; no smoke; no decorative framing; no text; no readable script. Asset Presentation Rules (Locked): single isolated skill node icon; centered composition; object fills roughly 75 percent of frame; transparent background with true alpha channel; background must be completely empty and fully transparent; clean object edges with no halo and no backdrop residue; clean UI-ready presentation. One royal charter scroll only. Premium parchment roll partially unrolled in three-quarter angle, gold leaf corner reinforcement on visible end, large amber-gold wax crown seal at visible fold, dark leather strap and brass clasp securing opposite end, no legible script anywhere, premium administrative object elevated above standard charter by crown seal and gold leaf treatment, no hands, highly readable at skill-node icon size.
